Index;Consumption [kWh/h]
1;250,28
2;243,97
3;240,00
4;238,90
5;238,60
6;238,02
7;235,10
8;234,90
9;233,26
10;233,25
11;232,67
12;232,64
13;232,53
14;232,51
15;231,71
16;231,49
17;231,41
18;231,02
19;230,38
20;230,19
21;229,87
22;229,76
23;229,74
24;229,66
25;229,07
26;229,06
27;229,04
28;228,98
29;228,64
30;228,43
31;228,32
32;227,84
33;227,76
34;227,69
35;227,24
36;227,21
37;226,99
38;226,77
39;226,61
40;226,21
41;226,16
42;226,16
43;226,14
44;226,07
45;225,80
46;225,76
47;225,37
48;225,33
49;225,33
50;225,31
51;225,15
52;225,08
53;224,99
54;224,89
55;224,83
56;224,61
57;224,51
58;224,48
59;224,44
60;224,37
61;224,10
62;224,07
63;223,89
64;223,82
65;223,61
66;223,44
67;223,28
68;222,76
69;222,69
70;222,64
71;222,62
72;222,52
73;222,49
74;222,44
75;222,31
76;222,29
77;222,25
78;222,24
79;221,73
80;221,70
81;221,23
82;221,07
83;220,98
84;220,86
85;220,61
86;220,49
87;220,17
88;219,82
89;219,63
90;219,48
91;219,36
92;218,99
93;218,93
94;218,87
95;218,67
96;218,43
97;218,27
98;218,15
99;217,85
100;217,47
101;217,38
102;217,13
103;217,07
104;217,06
105;217,02
106;216,99
107;216,88
108;216,63
109;216,32
110;216,30
111;215,95
112;215,86
113;215,81
114;215,79
115;215,35
116;215,14
117;215,11
118;214,53
119;214,48
120;214,34
121;214,20
122;214,14
123;213,92
124;213,88
125;213,84
126;213,18
127;213,11
128;212,88
129;212,70
130;212,70
131;212,54
132;212,45
133;212,32
134;212,19
135;212,18
136;211,91
137;211,71
138;211,61
139;211,56
140;211,35
141;211,09
142;211,03
143;210,60
144;210,49
145;210,34
146;209,45
147;209,38
148;209,20
149;209,06
150;209,02
151;208,95
152;208,91
153;208,73
154;208,70
155;208,61
156;208,56
157;208,54
158;208,54
159;208,53
160;208,51
161;208,00
162;207,25
163;207,24
164;207,19
165;207,10
166;207,08
167;207,07
168;207,04
169;206,71
170;206,68
171;206,50
172;206,43
173;206,42
174;206,41
175;206,05
176;205,95
177;205,79
178;205,47
179;205,40
180;205,20
181;205,17
182;205,15
183;205,05
184;204,91
185;204,88
186;204,81
187;204,80
188;204,80
189;204,65
190;204,52
191;204,48
192;204,28
193;204,15
194;204,11
195;203,98
196;203,97
197;203,91
198;203,91
199;203,89
200;203,88
201;203,76
202;203,74
203;203,67
204;203,67
205;203,67
206;203,61
207;203,51
208;203,48
209;203,47
210;203,45
211;203,38
212;203,29
213;203,15
214;203,14
215;203,09
216;203,00
217;202,99
218;202,92
219;202,85
220;202,79
221;202,76
222;202,68
223;202,60
224;202,58
225;202,57
226;202,51
227;202,50
228;202,50
229;202,47
230;202,28
231;202,27
232;202,27
233;202,16
234;202,06
235;202,05
236;201,88
237;201,78
238;201,76
239;201,53
240;201,50
241;201,49
242;201,41
243;201,40
244;201,03
245;201,00
246;200,99
247;200,91
248;200,90
249;200,89
250;200,86
251;200,83
252;200,81
253;200,81
254;200,69
255;200,64
256;200,55
257;200,33
258;200,26
259;200,20
260;200,19
261;200,17
262;200,17
263;200,17
264;200,14
265;200,07
266;200,06
267;200,03
268;200,01
269;199,99
270;199,88
271;199,82
272;199,81
273;199,80
274;199,77
275;199,76
276;199,76
277;199,75
278;199,72
279;199,60
280;199,59
281;199,52
282;199,51
283;199,40
284;199,39
285;199,37
286;199,30
287;199,29
288;199,27
289;199,23
290;199,21
291;199,18
292;199,16
293;199,15
294;199,12
295;199,12
296;199,06
297;199,02
298;198,96
299;198,76
300;198,71
301;198,67
302;198,67
303;198,63
304;198,52
305;198,46
306;198,38
307;198,31
308;198,25
309;198,17
310;198,02
311;198,01
312;197,89
313;197,61
314;197,51
315;197,43
316;197,36
317;197,36
318;197,30
319;197,27
320;197,23
321;197,20
322;197,16
323;197,15
324;197,10
325;196,97
326;196,95
327;196,92
328;196,88
329;196,84
330;196,81
331;196,71
332;196,63
333;196,62
334;196,60
335;196,42
336;196,39
337;196,29
338;196,29
339;196,20
340;196,17
341;196,16
342;196,07
343;196,04
344;196,03
345;196,01
346;195,89
347;195,72
348;195,72
349;195,65
350;195,53
351;195,50
352;195,47
353;195,46
354;195,30
355;195,28
356;195,28
357;195,18
358;195,16
359;195,10
360;195,09
361;195,09
362;195,09
363;195,08
364;195,00
365;195,00
366;194,98
367;194,87
368;194,86
369;194,85
370;194,84
371;194,80
372;194,77
373;194,65
374;194,45
375;194,41
376;194,39
377;194,36
378;194,35
379;194,32
380;194,29
381;194,28
382;194,21
383;194,15
384;194,11
385;194,07
386;193,93
387;193,89
388;193,79
389;193,78
390;193,60
391;193,50
392;193,40
393;193,39
394;193,37
395;193,35
396;193,31
397;193,29
398;193,27
399;193,26
400;193,24
401;193,18
402;193,13
403;193,01
404;192,97
405;192,95
406;192,92
407;192,90
408;192,87
409;192,82
410;192,82
411;192,73
412;192,66
413;192,64
414;192,56
415;192,41
416;192,39
417;192,37
418;192,34
419;192,18
420;192,14
421;192,12
422;192,11
423;192,10
424;192,02
425;191,83
426;191,82
427;191,81
428;191,79
429;191,75
430;191,71
431;191,71
432;191,70
433;191,68
434;191,52
435;191,44
436;191,43
437;191,40
438;191,27
439;191,21
440;191,21
441;191,20
442;191,17
443;191,12
444;191,12
445;191,11
446;191,06
447;190,96
448;190,95
449;190,92
450;190,89
451;190,87
452;190,87
453;190,84
454;190,80
455;190,80
456;190,78
457;190,77
458;190,54
459;190,49
460;190,45
461;190,42
462;190,41
463;190,32
464;190,30
465;190,27
466;190,20
467;190,01
468;189,99
469;189,97
470;189,90
471;189,87
472;189,86
473;189,81
474;189,71
475;189,68
476;189,67
477;189,63
478;189,54
479;189,53
480;189,50
481;189,40
482;189,38
483;189,33
484;189,32
485;189,29
486;189,28
487;188,98
488;188,98
489;188,94
490;188,92
491;188,84
492;188,81
493;188,69
494;188,63
495;188,61
496;188,60
497;188,56
498;188,54
499;188,50
500;188,50
501;188,46
502;188,45
503;188,37
504;188,33
505;188,29
506;188,18
507;188,06
508;188,01
509;187,95
510;187,91
511;187,88
512;187,85
513;187,81
514;187,80
515;187,77
516;187,71
517;187,66
518;187,52
519;187,50
520;187,48
521;187,48
522;187,45
523;187,45
524;187,22
525;187,02
526;186,98
527;186,95
528;186,80
529;186,68
530;186,58
531;186,52
532;186,48
533;186,48
534;186,45
535;186,45
536;186,43
537;186,43
538;186,30
539;186,27
540;186,21
541;186,13
542;186,11
543;185,97
544;185,87
545;185,86
546;185,83
547;185,79
548;185,75
549;185,75
550;185,74
551;185,71
552;185,71
553;185,68
554;185,64
555;185,62
556;185,60
557;185,60
558;185,56
559;185,42
560;185,33
561;185,32
562;185,29
563;185,22
564;185,21
565;185,11
566;184,89
567;184,85
568;184,77
569;184,72
570;184,71
571;184,68
572;184,67
573;184,49
574;184,48
575;184,45
576;184,43
577;184,40
578;184,37
579;184,30
580;184,28
581;184,28
582;184,26
583;184,16
584;184,08
585;183,94
586;183,91
587;183,88
588;183,78
589;183,47
590;183,43
591;183,38
592;183,35
593;183,13
594;183,04
595;182,97
596;182,79
597;182,74
598;182,70
599;182,70
600;182,65
601;182,65
602;182,56
603;182,44
604;182,37
605;182,36
606;182,27
607;182,19
608;182,19
609;182,16
610;182,15
611;182,12
612;182,01
613;181,87
614;181,87
615;181,86
616;181,74
617;181,68
618;181,62
619;181,59
620;181,59
621;181,57
622;181,48
623;181,47
624;181,40
625;181,38
626;181,35
627;181,33
628;181,31
629;181,29
630;181,28
631;181,11
632;181,09
633;181,08
634;181,07
635;181,04
636;181,03
637;181,03
638;180,96
639;180,93
640;180,77
641;180,77
642;180,64
643;180,60
644;180,58
645;180,44
646;180,38
647;180,38
648;180,32
649;180,29
650;180,27
651;180,24
652;180,19
653;180,16
654;180,07
655;179,97
656;179,75
657;179,75
658;179,74
659;179,72
660;179,71
661;179,67
662;179,53
663;179,45
664;179,15
665;179,06
666;179,06
667;178,98
668;178,97
669;178,95
670;178,92
671;178,80
672;178,78
673;178,77
674;178,77
675;178,77
676;178,67
677;178,51
678;178,41
679;178,37
680;178,31
681;178,29
682;178,28
683;178,28
684;178,24
685;178,20
686;178,18
687;178,10
688;178,00
689;177,97
690;177,95
691;177,91
692;177,90
693;177,79
694;177,76
695;177,74
696;177,70
697;177,64
698;177,46
699;177,45
700;177,44
701;177,43
702;177,42
703;177,40
704;177,36
705;177,30
706;177,25
707;177,18
708;177,14
709;177,09
710;177,09
711;177,07
712;177,06
713;177,02
714;176,98
715;176,97
716;176,86
717;176,81
718;176,78
719;176,77
720;176,68
721;176,45
722;176,44
723;176,34
724;176,34
725;176,33
726;176,19
727;176,15
728;176,14
729;176,09
730;176,07
731;176,07
732;176,00
733;175,96
734;175,88
735;175,83
736;175,80
737;175,76
738;175,74
739;175,71
740;175,69
741;175,66
742;175,57
743;175,32
744;175,31
745;175,28
746;175,27
747;175,26
748;175,23
749;175,21
750;175,06
751;174,97
752;174,92
753;174,92
754;174,83
755;174,81
756;174,81
757;174,81
758;174,75
759;174,73
760;174,62
761;174,54
762;174,50
763;174,47
764;174,46
765;174,41
766;174,38
767;174,27
768;174,24
769;174,24
770;174,22
771;174,21
772;174,19
773;174,18
774;174,08
775;173,91
776;173,85
777;173,82
778;173,81
779;173,69
780;173,48
781;173,48
782;173,46
783;173,39
784;173,39
785;173,34
786;173,34
787;173,31
788;173,30
789;173,23
790;173,23
791;173,15
792;173,13
793;173,08
794;173,05
795;173,03
796;173,01
797;173,00
798;172,96
799;172,88
800;172,85
801;172,85
802;172,84
803;172,84
804;172,83
805;172,81
806;172,75
807;172,74
808;172,69
809;172,68
810;172,58
811;172,56
812;172,56
813;172,49
814;172,47
815;172,47
816;172,46
817;172,40
818;172,30
819;172,27
820;172,27
821;172,26
822;172,26
823;172,21
824;172,15
825;172,12
826;172,10
827;172,08
828;172,08
829;172,00
830;171,96
831;171,95
832;171,87
833;171,77
834;171,73
835;171,68
836;171,67
837;171,65
838;171,65
839;171,57
840;171,53
841;171,42
842;171,41
843;171,38
844;171,36
845;171,33
846;171,30
847;171,28
848;171,27
849;171,27
850;171,22
851;171,19
852;171,15
853;171,13
854;171,11
855;171,11
856;171,08
857;171,04
858;171,02
859;171,01
860;171,00
861;170,99
862;170,98
863;170,97
864;170,95
865;170,95
866;170,91
867;170,91
868;170,78
869;170,75
870;170,75
871;170,71
872;170,63
873;170,61
874;170,61
875;170,59
876;170,57
877;170,56
878;170,54
879;170,51
880;170,47
881;170,46
882;170,42
883;170,40
884;170,37
885;170,35
886;170,34
887;170,34
888;170,32
889;170,32
890;170,27
891;170,25
892;170,24
893;170,22
894;170,18
895;170,17
896;170,16
897;170,10
898;170,02
899;170,00
900;169,99
901;169,98
902;169,87
903;169,84
904;169,78
905;169,70
906;169,70
907;169,69
908;169,66
909;169,61
910;169,61
911;169,58
912;169,56
913;169,50
914;169,41
915;169,37
916;169,37
917;169,31
918;169,31
919;169,25
920;169,21
921;169,19
922;169,13
923;169,08
924;169,06
925;168,99
926;168,98
927;168,97
928;168,96
929;168,88
930;168,86
931;168,78
932;168,75
933;168,73
934;168,68
935;168,66
936;168,63
937;168,62
938;168,61
939;168,60
940;168,60
941;168,59
942;168,50
943;168,49
944;168,47
945;168,44
946;168,42
947;168,41
948;168,38
949;168,36
950;168,34
951;168,28
952;168,19
953;168,15
954;168,15
955;168,05
956;168,04
957;167,99
958;167,97
959;167,91
960;167,88
961;167,85
962;167,85
963;167,80
964;167,76
965;167,73
966;167,68
967;167,63
968;167,58
969;167,53
970;167,52
971;167,51
972;167,50
973;167,50
974;167,43
975;167,42
976;167,35
977;167,33
978;167,18
979;167,18
980;167,18
981;167,12
982;167,10
983;167,08
984;167,02
985;167,00
986;166,98
987;166,93
988;166,88
989;166,87
990;166,84
991;166,84
992;166,82
993;166,82
994;166,78
995;166,77
996;166,76
997;166,74
998;166,72
999;166,64
1000;166,58
1001;166,57
1002;166,54
1003;166,43
1004;166,38
1005;166,37
1006;166,35
1007;166,34
1008;166,32
1009;166,31
1010;166,30
1011;166,28
1012;166,25
1013;166,25
1014;166,19
1015;166,16
1016;166,03
1017;165,97
1018;165,92
1019;165,88
1020;165,85
1021;165,83
1022;165,78
1023;165,77
1024;165,75
1025;165,72
1026;165,71
1027;165,68
1028;165,64
1029;165,58
1030;165,58
1031;165,55
1032;165,53
1033;165,51
1034;165,50
1035;165,44
1036;165,41
1037;165,41
1038;165,38
1039;165,34
1040;165,29
1041;165,28
1042;165,23
1043;165,21
1044;165,03
1045;165,02
1046;164,98
1047;164,91
1048;164,89
1049;164,88
1050;164,84
1051;164,83
1052;164,82
1053;164,78
1054;164,76
1055;164,74
1056;164,73
1057;164,70
1058;164,68
1059;164,61
1060;164,57
1061;164,57
1062;164,56
1063;164,51
1064;164,47
1065;164,47
1066;164,47
1067;164,46
1068;164,41
1069;164,37
1070;164,36
1071;164,35
1072;164,33
1073;164,32
1074;164,32
1075;164,26
1076;164,25
1077;164,16
1078;164,15
1079;164,08
1080;164,02
1081;163,97
1082;163,88
1083;163,80
1084;163,78
1085;163,78
1086;163,68
1087;163,68
1088;163,64
1089;163,63
1090;163,55
1091;163,47
1092;163,43
1093;163,43
1094;163,39
1095;163,38
1096;163,36
1097;163,34
1098;163,28
1099;163,27
1100;163,27
1101;163,24
1102;163,23
1103;163,18
1104;163,13
1105;163,06
1106;163,06
1107;162,99
1108;162,94
1109;162,91
1110;162,88
1111;162,87
1112;162,75
1113;162,72
1114;162,69
1115;162,66
1116;162,66
1117;162,56
1118;162,55
1119;162,46
1120;162,46
1121;162,36
1122;162,22
1123;162,21
1124;162,21
1125;162,11
1126;162,06
1127;162,04
1128;161,93
1129;161,86
1130;161,70
1131;161,69
1132;161,51
1133;161,49
1134;161,40
1135;161,31
1136;161,23
1137;161,19
1138;161,17
1139;161,16
1140;161,13
1141;161,12
1142;161,06
1143;161,05
1144;160,99
1145;160,97
1146;160,95
1147;160,90
1148;160,85
1149;160,64
1150;160,59
1151;160,57
1152;160,56
1153;160,53
1154;160,53
1155;160,52
1156;160,50
1157;160,48
1158;160,48
1159;160,40
1160;160,26
1161;160,25
1162;160,18
1163;160,10
1164;160,06
1165;160,03
1166;159,92
1167;159,90
1168;159,85
1169;159,85
1170;159,81
1171;159,81
1172;159,77
1173;159,74
1174;159,71
1175;159,66
1176;159,62
1177;159,58
1178;159,52
1179;159,43
1180;159,43
1181;159,37
1182;159,36
1183;159,26
1184;159,04
1185;159,03
1186;158,82
1187;158,76
1188;158,73
1189;158,70
1190;158,64
1191;158,63
1192;158,41
1193;158,40
1194;158,37
1195;158,37
1196;158,34
1197;158,33
1198;158,27
1199;158,18
1200;158,18
1201;158,16
1202;158,05
1203;158,05
1204;158,03
1205;157,88
1206;157,86
1207;157,80
1208;157,70
1209;157,69
1210;157,62
1211;157,58
1212;157,56
1213;157,56
1214;157,43
1215;157,42
1216;157,38
1217;157,30
1218;157,29
1219;157,27
1220;157,27
1221;157,18
1222;157,14
1223;157,00
1224;156,95
1225;156,85
1226;156,76
1227;156,74
1228;156,69
1229;156,58
1230;156,54
1231;156,49
1232;156,47
1233;156,27
1234;156,26
1235;156,20
1236;156,20
1237;156,16
1238;156,08
1239;156,07
1240;156,00
1241;155,94
1242;155,90
1243;155,73
1244;155,71
1245;155,52
1246;155,48
1247;155,47
1248;155,45
1249;155,45
1250;155,45
1251;155,43
1252;155,42
1253;155,42
1254;155,41
1255;155,40
1256;155,34
1257;155,15
1258;155,15
1259;155,11
1260;155,10
1261;155,09
1262;155,07
1263;155,06
1264;154,99
1265;154,98
1266;154,98
1267;154,95
1268;154,92
1269;154,84
1270;154,80
1271;154,79
1272;154,79
1273;154,77
1274;154,69
1275;154,68
1276;154,59
1277;154,56
1278;154,56
1279;154,46
1280;154,44
1281;154,35
1282;154,33
1283;154,31
1284;154,30
1285;154,29
1286;154,26
1287;154,16
1288;154,14
1289;154,04
1290;154,00
1291;153,96
1292;153,95
1293;153,87
1294;153,84
1295;153,84
1296;153,67
1297;153,57
1298;153,55
1299;153,55
1300;153,55
1301;153,41
1302;153,38
1303;153,34
1304;153,31
1305;153,30
1306;153,29
1307;153,28
1308;153,22
1309;153,20
1310;153,18
1311;153,02
1312;152,94
1313;152,88
1314;152,77
1315;152,71
1316;152,69
1317;152,69
1318;152,63
1319;152,63
1320;152,61
1321;152,58
1322;152,51
1323;152,51
1324;152,49
1325;152,47
1326;152,40
1327;152,36
1328;152,36
1329;152,32
1330;152,29
1331;152,26
1332;152,26
1333;152,21
1334;152,15
1335;152,10
1336;152,09
1337;152,08
1338;152,05
1339;152,00
1340;151,94
1341;151,90
1342;151,85
1343;151,85
1344;151,78
1345;151,76
1346;151,73
1347;151,72
1348;151,70
1349;151,69
1350;151,68
1351;151,66
1352;151,64
1353;151,61
1354;151,58
1355;151,58
1356;151,56
1357;151,53
1358;151,51
1359;151,48
1360;151,35
1361;151,34
1362;151,32
1363;151,28
1364;151,27
1365;151,23
1366;151,20
1367;151,18
1368;151,14
1369;151,12
1370;151,10
1371;151,07
1372;151,03
1373;150,93
1374;150,92
1375;150,87
1376;150,80
1377;150,76
1378;150,73
1379;150,67
1380;150,64
1381;150,63
1382;150,54
1383;150,53
1384;150,46
1385;150,44
1386;150,42
1387;150,36
1388;150,35
1389;150,33
1390;150,23
1391;150,12
1392;150,10
1393;150,09
1394;150,01
1395;150,00
1396;149,95
1397;149,90
1398;149,85
1399;149,78
1400;149,77
1401;149,71
1402;149,71
1403;149,70
1404;149,69
1405;149,66
1406;149,64
1407;149,61
1408;149,59
1409;149,58
1410;149,57
1411;149,56
1412;149,53
1413;149,49
1414;149,48
1415;149,48
1416;149,45
1417;149,44
1418;149,40
1419;149,20
1420;149,18
1421;149,16
1422;149,14
1423;149,10
1424;149,07
1425;149,07
1426;149,05
1427;149,05
1428;149,02
1429;148,95
1430;148,94
1431;148,90
1432;148,82
1433;148,81
1434;148,77
1435;148,73
1436;148,72
1437;148,66
1438;148,66
1439;148,63
1440;148,57
1441;148,53
1442;148,49
1443;148,47
1444;148,35
1445;148,25
1446;148,24
1447;148,23
1448;148,18
1449;148,16
1450;148,12
1451;148,07
1452;148,02
1453;147,93
1454;147,90
1455;147,83
1456;147,83
1457;147,80
1458;147,74
1459;147,73
1460;147,62
1461;147,61
1462;147,60
1463;147,55
1464;147,51
1465;147,50
1466;147,44
1467;147,43
1468;147,43
1469;147,41
1470;147,38
1471;147,32
1472;147,31
1473;147,31
1474;147,27
1475;147,25
1476;147,22
1477;147,20
1478;147,19
1479;147,14
1480;147,13
1481;147,11
1482;147,10
1483;147,06
1484;147,02
1485;147,01
1486;147,01
1487;147,01
1488;146,95
1489;146,91
1490;146,91
1491;146,90
1492;146,89
1493;146,84
1494;146,80
1495;146,75
1496;146,73
1497;146,73
1498;146,73
1499;146,70
1500;146,67
1501;146,66
1502;146,66
1503;146,61
1504;146,61
1505;146,59
1506;146,55
1507;146,55
1508;146,49
1509;146,46
1510;146,45
1511;146,44
1512;146,44
1513;146,43
1514;146,36
1515;146,35
1516;146,33
1517;146,29
1518;146,28
1519;146,25
1520;146,21
1521;146,21
1522;146,16
1523;146,13
1524;146,12
1525;146,08
1526;146,05
1527;146,04
1528;146,03
1529;146,01
1530;146,01
1531;146,00
1532;145,97
1533;145,88
1534;145,86
1535;145,79
1536;145,73
1537;145,72
1538;145,70
1539;145,67
1540;145,66
1541;145,63
1542;145,63
1543;145,63
1544;145,62
1545;145,62
1546;145,59
1547;145,59
1548;145,58
1549;145,56
1550;145,55
1551;145,51
1552;145,50
1553;145,49
1554;145,44
1555;145,35
1556;145,35
1557;145,34
1558;145,33
1559;145,29
1560;145,28
1561;145,28
1562;145,23
1563;145,22
1564;145,17
1565;145,11
1566;145,10
1567;145,10
1568;145,07
1569;145,06
1570;145,00
1571;144,99
1572;144,99
1573;144,97
1574;144,95
1575;144,90
1576;144,90
1577;144,82
1578;144,78
1579;144,77
1580;144,76
1581;144,74
1582;144,73
1583;144,73
1584;144,68
1585;144,63
1586;144,62
1587;144,61
1588;144,61
1589;144,59
1590;144,58
1591;144,57
1592;144,56
1593;144,56
1594;144,55
1595;144,55
1596;144,55
1597;144,54
1598;144,52
1599;144,50
1600;144,48
1601;144,45
1602;144,43
1603;144,35
1604;144,31
1605;144,26
1606;144,25
1607;144,20
1608;144,17
1609;144,15
1610;144,09
1611;144,06
1612;144,03
1613;144,03
1614;144,03
1615;144,02
1616;144,00
1617;144,00
1618;143,98
1619;143,96
1620;143,94
1621;143,88
1622;143,88
1623;143,86
1624;143,86
1625;143,86
1626;143,86
1627;143,85
1628;143,84
1629;143,82
1630;143,80
1631;143,79
1632;143,78
1633;143,78
1634;143,74
1635;143,70
1636;143,70
1637;143,67
1638;143,65
1639;143,61
1640;143,60
1641;143,60
1642;143,58
1643;143,53
1644;143,53
1645;143,53
1646;143,51
1647;143,51
1648;143,47
1649;143,46
1650;143,43
1651;143,41
1652;143,40
1653;143,39
1654;143,37
1655;143,34
1656;143,32
1657;143,32
1658;143,30
1659;143,28
1660;143,28
1661;143,26
1662;143,24
1663;143,16
1664;143,14
1665;143,14
1666;143,13
1667;143,13
1668;143,12
1669;143,10
1670;143,05
1671;143,03
1672;143,03
1673;142,98
1674;142,98
1675;142,97
1676;142,96
1677;142,95
1678;142,93
1679;142,93
1680;142,88
1681;142,88
1682;142,87
1683;142,80
1684;142,75
1685;142,74
1686;142,72
1687;142,68
1688;142,63
1689;142,61
1690;142,60
1691;142,60
1692;142,59
1693;142,58
1694;142,58
1695;142,57
1696;142,56
1697;142,55
1698;142,55
1699;142,54
1700;142,53
1701;142,52
1702;142,51
1703;142,47
1704;142,46
1705;142,45
1706;142,43
1707;142,42
1708;142,41
1709;142,41
1710;142,40
1711;142,39
1712;142,36
1713;142,33
1714;142,32
1715;142,31
1716;142,29
1717;142,25
1718;142,24
1719;142,24
1720;142,23
1721;142,23
1722;142,21
1723;142,18
1724;142,13
1725;142,08
1726;142,08
1727;142,07
1728;142,07
1729;142,06
1730;142,06
1731;142,06
1732;142,03
1733;142,02
1734;142,01
1735;142,01
1736;141,97
1737;141,95
1738;141,94
1739;141,90
1740;141,89
1741;141,87
1742;141,85
1743;141,84
1744;141,79
1745;141,77
1746;141,76
1747;141,70
1748;141,69
1749;141,69
1750;141,68
1751;141,68
1752;141,67
1753;141,66
1754;141,65
1755;141,65
1756;141,64
1757;141,62
1758;141,61
1759;141,61
1760;141,61
1761;141,61
1762;141,61
1763;141,59
1764;141,58
1765;141,56
1766;141,55
1767;141,55
1768;141,54
1769;141,54
1770;141,51
1771;141,50
1772;141,48
1773;141,47
1774;141,42
1775;141,40
1776;141,39
1777;141,37
1778;141,36
1779;141,36
1780;141,35
1781;141,34
1782;141,20
1783;141,11
1784;141,08
1785;141,06
1786;141,06
1787;141,06
1788;141,06
1789;141,03
1790;141,03
1791;141,02
1792;140,99
1793;140,99
1794;140,98
1795;140,97
1796;140,92
1797;140,92
1798;140,91
1799;140,83
1800;140,81
1801;140,81
1802;140,77
1803;140,73
1804;140,73
1805;140,71
1806;140,69
1807;140,65
1808;140,64
1809;140,62
1810;140,60
1811;140,60
1812;140,58
1813;140,57
1814;140,56
1815;140,55
1816;140,54
1817;140,53
1818;140,53
1819;140,51
1820;140,48
1821;140,48
1822;140,45
1823;140,45
1824;140,43
1825;140,43
1826;140,42
1827;140,42
1828;140,41
1829;140,40
1830;140,40
1831;140,39
1832;140,39
1833;140,36
1834;140,35
1835;140,34
1836;140,34
1837;140,31
1838;140,30
1839;140,30
1840;140,29
1841;140,28
1842;140,26
1843;140,26
1844;140,23
1845;140,23
1846;140,21
1847;140,19
1848;140,16
1849;140,16
1850;140,13
1851;140,13
1852;140,10
1853;140,05
1854;140,04
1855;140,04
1856;140,03
1857;140,01
1858;140,01
1859;140,00
1860;139,99
1861;139,96
1862;139,95
1863;139,93
1864;139,90
1865;139,88
1866;139,87
1867;139,87
1868;139,87
1869;139,86
1870;139,86
1871;139,84
1872;139,81
1873;139,81
1874;139,76
1875;139,73
1876;139,73
1877;139,73
1878;139,72
1879;139,70
1880;139,69
1881;139,66
1882;139,63
1883;139,63
1884;139,62
1885;139,57
1886;139,57
1887;139,56
1888;139,54
1889;139,52
1890;139,46
1891;139,43
1892;139,42
1893;139,41
1894;139,39
1895;139,38
1896;139,36
1897;139,34
1898;139,33
1899;139,32
1900;139,31
1901;139,30
1902;139,27
1903;139,24
1904;139,23
1905;139,22
1906;139,20
1907;139,19
1908;139,18
1909;139,17
1910;139,16
1911;139,14
1912;139,12
1913;139,10
1914;139,08
1915;139,06
1916;139,04
1917;139,02
1918;138,99
1919;138,98
1920;138,98
1921;138,98
1922;138,96
1923;138,94
1924;138,94
1925;138,91
1926;138,91
1927;138,88
1928;138,87
1929;138,86
1930;138,85
1931;138,85
1932;138,84
1933;138,84
1934;138,83
1935;138,82
1936;138,82
1937;138,80
1938;138,79
1939;138,77
1940;138,76
1941;138,76
1942;138,76
1943;138,73
1944;138,73
1945;138,69
1946;138,67
1947;138,66
1948;138,66
1949;138,64
1950;138,63
1951;138,61
1952;138,61
1953;138,60
1954;138,60
1955;138,59
1956;138,59
1957;138,59
1958;138,57
1959;138,56
1960;138,55
1961;138,54
1962;138,53
1963;138,52
1964;138,51
1965;138,49
1966;138,49
1967;138,48
1968;138,48
1969;138,47
1970;138,46
1971;138,42
1972;138,42
1973;138,40
1974;138,39
1975;138,39
1976;138,35
1977;138,35
1978;138,34
1979;138,33
1980;138,33
1981;138,31
1982;138,31
1983;138,29
1984;138,28
1985;138,27
1986;138,26
1987;138,26
1988;138,25
1989;138,24
1990;138,17
1991;138,16
1992;138,14
1993;138,13
1994;138,13
1995;138,13
1996;138,12
1997;138,10
1998;138,08
1999;138,08
2000;138,08
2001;138,04
2002;138,04
2003;138,04
2004;137,99
2005;137,99
2006;137,99
2007;137,97
2008;137,97
2009;137,96
2010;137,96
2011;137,93
2012;137,91
2013;137,90
2014;137,90
2015;137,89
2016;137,87
2017;137,86
2018;137,81
2019;137,77
2020;137,76
2021;137,76
2022;137,75
2023;137,74
2024;137,71
2025;137,70
2026;137,70
2027;137,68
2028;137,68
2029;137,65
2030;137,65
2031;137,63
2032;137,62
2033;137,59
2034;137,57
2035;137,56
2036;137,55
2037;137,54
2038;137,51
2039;137,47
2040;137,46
2041;137,45
2042;137,42
2043;137,42
2044;137,41
2045;137,40
2046;137,39
2047;137,36
2048;137,30
2049;137,29
2050;137,28
2051;137,28
2052;137,27
2053;137,25
2054;137,25
2055;137,25
2056;137,25
2057;137,24
2058;137,22
2059;137,20
2060;137,20
2061;137,17
2062;137,16
2063;137,16
2064;137,16
2065;137,14
2066;137,14
2067;137,14
2068;137,09
2069;137,06
2070;137,05
2071;137,05
2072;137,04
2073;137,00
2074;137,00
2075;136,97
2076;136,92
2077;136,91
2078;136,89
2079;136,88
2080;136,85
2081;136,83
2082;136,82
2083;136,80
2084;136,78
2085;136,78
2086;136,77
2087;136,76
2088;136,75
2089;136,75
2090;136,70
2091;136,69
2092;136,67
2093;136,61
2094;136,58
2095;136,56
2096;136,56
2097;136,54
2098;136,53
2099;136,53
2100;136,48
2101;136,47
2102;136,46
2103;136,46
2104;136,43
2105;136,41
2106;136,41
2107;136,40
2108;136,39
2109;136,39
2110;136,35
2111;136,28
2112;136,28
2113;136,23
2114;136,21
2115;136,16
2116;136,16
2117;136,15
2118;136,13
2119;136,09
2120;136,07
2121;136,07
2122;136,04
2123;136,03
2124;136,03
2125;136,01
2126;135,98
2127;135,98
2128;135,94
2129;135,94
2130;135,91
2131;135,90
2132;135,84
2133;135,83
2134;135,83
2135;135,83
2136;135,81
2137;135,81
2138;135,78
2139;135,77
2140;135,76
2141;135,73
2142;135,71
2143;135,70
2144;135,70
2145;135,70
2146;135,67
2147;135,66
2148;135,66
2149;135,62
2150;135,62
2151;135,57
2152;135,57
2153;135,57
2154;135,56
2155;135,53
2156;135,52
2157;135,51
2158;135,49
2159;135,48
2160;135,47
2161;135,47
2162;135,46
2163;135,46
2164;135,45
2165;135,43
2166;135,41
2167;135,38
2168;135,32
2169;135,30
2170;135,29
2171;135,29
2172;135,27
2173;135,26
2174;135,24
2175;135,24
2176;135,23
2177;135,22
2178;135,20
2179;135,20
2180;135,18
2181;135,17
2182;135,14
2183;135,14
2184;135,13
2185;135,13
2186;135,12
2187;135,11
2188;135,11
2189;135,09
2190;135,08
2191;135,06
2192;135,06
2193;135,06
2194;135,06
2195;135,00
2196;134,96
2197;134,95
2198;134,95
2199;134,93
2200;134,92
2201;134,90
2202;134,89
2203;134,88
2204;134,87
2205;134,87
2206;134,86
2207;134,83
2208;134,83
2209;134,83
2210;134,78
2211;134,75
2212;134,74
2213;134,73
2214;134,73
2215;134,72
2216;134,70
2217;134,68
2218;134,67
2219;134,65
2220;134,64
2221;134,63
2222;134,61
2223;134,58
2224;134,56
2225;134,53
2226;134,52
2227;134,50
2228;134,49
2229;134,49
2230;134,49
2231;134,48
2232;134,47
2233;134,46
2234;134,45
2235;134,44
2236;134,41
2237;134,40
2238;134,40
2239;134,38
2240;134,37
2241;134,34
2242;134,32
2243;134,29
2244;134,28
2245;134,28
2246;134,27
2247;134,26
2248;134,24
2249;134,22
2250;134,22
2251;134,21
2252;134,20
2253;134,15
2254;134,14
2255;134,12
2256;134,12
2257;134,10
2258;134,06
2259;134,04
2260;134,03
2261;134,03
2262;134,02
2263;134,02
2264;133,99
2265;133,94
2266;133,92
2267;133,92
2268;133,90
2269;133,89
2270;133,85
2271;133,83
2272;133,79
2273;133,78
2274;133,78
2275;133,77
2276;133,75
2277;133,74
2278;133,71
2279;133,60
2280;133,60
2281;133,55
2282;133,54
2283;133,51
2284;133,44
2285;133,41
2286;133,40
2287;133,39
2288;133,38
2289;133,38
2290;133,38
2291;133,37
2292;133,37
2293;133,36
2294;133,35
2295;133,32
2296;133,31
2297;133,28
2298;133,26
2299;133,26
2300;133,24
2301;133,22
2302;133,20
2303;133,20
2304;133,17
2305;133,16
2306;133,16
2307;133,05
2308;133,05
2309;133,03
2310;132,99
2311;132,99
2312;132,97
2313;132,97
2314;132,94
2315;132,93
2316;132,91
2317;132,87
2318;132,85
2319;132,81
2320;132,81
2321;132,78
2322;132,77
2323;132,73
2324;132,68
2325;132,64
2326;132,63
2327;132,63
2328;132,62
2329;132,61
2330;132,60
2331;132,60
2332;132,57
2333;132,56
2334;132,53
2335;132,48
2336;132,46
2337;132,40
2338;132,38
2339;132,35
2340;132,34
2341;132,31
2342;132,30
2343;132,30
2344;132,25
2345;132,25
2346;132,23
2347;132,22
2348;132,22
2349;132,22
2350;132,20
2351;132,18
2352;132,18
2353;132,17
2354;132,16
2355;132,12
2356;132,09
2357;132,08
2358;132,08
2359;132,07
2360;132,07
2361;132,06
2362;132,05
2363;132,04
2364;132,02
2365;131,98
2366;131,95
2367;131,95
2368;131,93
2369;131,90
2370;131,89
2371;131,82
2372;131,76
2373;131,76
2374;131,70
2375;131,68
2376;131,65
2377;131,65
2378;131,62
2379;131,58
2380;131,56
2381;131,56
2382;131,51
2383;131,49
2384;131,48
2385;131,46
2386;131,45
2387;131,44
2388;131,42
2389;131,41
2390;131,39
2391;131,37
2392;131,37
2393;131,35
2394;131,34
2395;131,33
2396;131,29
2397;131,24
2398;131,20
2399;131,18
2400;131,15
2401;131,14
2402;131,13
2403;131,13
2404;131,11
2405;131,10
2406;131,01
2407;131,01
2408;131,01
2409;131,00
2410;131,00
2411;130,98
2412;130,92
2413;130,92
2414;130,91
2415;130,88
2416;130,87
2417;130,85
2418;130,84
2419;130,83
2420;130,83
2421;130,80
2422;130,75
2423;130,74
2424;130,71
2425;130,71
2426;130,67
2427;130,64
2428;130,59
2429;130,59
2430;130,52
2431;130,50
2432;130,49
2433;130,45
2434;130,44
2435;130,39
2436;130,35
2437;130,34
2438;130,34
2439;130,33
2440;130,28
2441;130,27
2442;130,26
2443;130,24
2444;130,22
2445;130,20
2446;130,20
2447;130,18
2448;130,15
2449;129,99
2450;129,98
2451;129,95
2452;129,88
2453;129,85
2454;129,83
2455;129,82
2456;129,81
2457;129,78
2458;129,73
2459;129,73
2460;129,71
2461;129,68
2462;129,65
2463;129,63
2464;129,59
2465;129,59
2466;129,56
2467;129,54
2468;129,53
2469;129,52
2470;129,52
2471;129,51
2472;129,51
2473;129,51
2474;129,51
2475;129,50
2476;129,49
2477;129,49
2478;129,49
2479;129,47
2480;129,43
2481;129,43
2482;129,42
2483;129,40
2484;129,38
2485;129,38
2486;129,34
2487;129,32
2488;129,32
2489;129,32
2490;129,30
2491;129,28
2492;129,26
2493;129,26
2494;129,23
2495;129,22
2496;129,19
2497;129,18
2498;129,17
2499;129,13
2500;129,12
2501;129,12
2502;129,05
2503;129,02
2504;129,01
2505;128,98
2506;128,97
2507;128,97
2508;128,97
2509;128,95
2510;128,94
2511;128,89
2512;128,88
2513;128,86
2514;128,85
2515;128,85
2516;128,84
2517;128,82
2518;128,77
2519;128,76
2520;128,76
2521;128,72
2522;128,67
2523;128,63
2524;128,62
2525;128,62
2526;128,61
2527;128,61
2528;128,58
2529;128,54
2530;128,53
2531;128,51
2532;128,50
2533;128,48
2534;128,46
2535;128,44
2536;128,44
2537;128,42
2538;128,42
2539;128,38
2540;128,37
2541;128,37
2542;128,36
2543;128,35
2544;128,35
2545;128,32
2546;128,31
2547;128,30
2548;128,30
2549;128,28
2550;128,27
2551;128,26
2552;128,24
2553;128,24
2554;128,20
2555;128,19
2556;128,19
2557;128,15
2558;128,14
2559;128,11
2560;128,07
2561;128,07
2562;128,00
2563;127,94
2564;127,92
2565;127,87
2566;127,87
2567;127,79
2568;127,76
2569;127,70
2570;127,68
2571;127,67
2572;127,65
2573;127,64
2574;127,61
2575;127,58
2576;127,54
2577;127,50
2578;127,47
2579;127,46
2580;127,43
2581;127,42
2582;127,40
2583;127,40
2584;127,39
2585;127,34
2586;127,32
2587;127,27
2588;127,14
2589;127,14
2590;127,04
2591;127,04
2592;127,00
2593;126,97
2594;126,96
2595;126,96
2596;126,96
2597;126,93
2598;126,92
2599;126,85
2600;126,83
2601;126,81
2602;126,78
2603;126,78
2604;126,76
2605;126,74
2606;126,72
2607;126,72
2608;126,71
2609;126,59
2610;126,57
2611;126,55
2612;126,53
2613;126,50
2614;126,50
2615;126,50
2616;126,48
2617;126,47
2618;126,44
2619;126,42
2620;126,42
2621;126,41
2622;126,39
2623;126,38
2624;126,38
2625;126,36
2626;126,36
2627;126,33
2628;126,33
2629;126,31
2630;126,30
2631;126,29
2632;126,27
2633;126,26
2634;126,25
2635;126,23
2636;126,22
2637;126,21
2638;126,21
2639;126,15
2640;126,11
2641;126,10
2642;126,08
2643;126,06
2644;126,02
2645;126,01
2646;126,00
2647;125,90
2648;125,89
2649;125,87
2650;125,87
2651;125,87
2652;125,86
2653;125,85
2654;125,84
2655;125,81
2656;125,81
2657;125,81
2658;125,72
2659;125,71
2660;125,71
2661;125,69
2662;125,65
2663;125,64
2664;125,57
2665;125,52
2666;125,52
2667;125,43
2668;125,43
2669;125,42
2670;125,41
2671;125,40
2672;125,36
2673;125,32
2674;125,29
2675;125,29
2676;125,28
2677;125,28
2678;125,28
2679;125,25
2680;125,25
2681;125,19
2682;125,16
2683;125,16
2684;125,11
2685;125,10
2686;125,08
2687;125,06
2688;125,06
2689;125,02
2690;124,95
2691;124,90
2692;124,87
2693;124,84
2694;124,75
2695;124,64
2696;124,63
2697;124,61
2698;124,51
2699;124,48
2700;124,47
2701;124,44
2702;124,43
2703;124,38
2704;124,25
2705;124,24
2706;124,18
2707;124,11
2708;124,11
2709;124,09
2710;124,09
2711;124,07
2712;124,06
2713;124,04
2714;123,98
2715;123,96
2716;123,87
2717;123,74
2718;123,70
2719;123,62
2720;123,59
2721;123,54
2722;123,49
2723;123,46
2724;123,43
2725;123,42
2726;123,41
2727;123,40
2728;123,37
2729;123,33
2730;123,30
2731;123,28
2732;123,20
2733;123,14
2734;123,11
2735;123,04
2736;123,00
2737;122,99
2738;122,99
2739;122,95
2740;122,94
2741;122,79
2742;122,75
2743;122,74
2744;122,71
2745;122,65
2746;122,55
2747;122,54
2748;122,53
2749;122,50
2750;122,50
2751;122,44
2752;122,39
2753;122,37
2754;122,32
2755;122,30
2756;122,30
2757;122,26
2758;122,24
2759;122,23
2760;122,23
2761;122,19
2762;122,17
2763;122,16
2764;122,14
2765;122,11
2766;122,09
2767;122,08
2768;122,08
2769;122,00
2770;121,99
2771;121,94
2772;121,94
2773;121,90
2774;121,88
2775;121,87
2776;121,87
2777;121,83
2778;121,82
2779;121,81
2780;121,79
2781;121,75
2782;121,74
2783;121,71
2784;121,54
2785;121,44
2786;121,39
2787;121,24
2788;121,13
2789;121,10
2790;121,06
2791;121,04
2792;121,04
2793;121,01
2794;120,97
2795;120,90
2796;120,88
2797;120,88
2798;120,75
2799;120,70
2800;120,66
2801;120,56
2802;120,55
2803;120,53
2804;120,51
2805;120,45
2806;120,42
2807;120,42
2808;120,29
2809;120,13
2810;120,12
2811;120,10
2812;120,08
2813;119,99
2814;119,97
2815;119,95
2816;119,89
2817;119,87
2818;119,86
2819;119,85
2820;119,84
2821;119,82
2822;119,64
2823;119,62
2824;119,59
2825;119,58
2826;119,50
2827;119,48
2828;119,40
2829;119,40
2830;119,34
2831;119,29
2832;119,29
2833;119,26
2834;119,17
2835;119,15
2836;119,07
2837;119,01
2838;118,95
2839;118,89
2840;118,86
2841;118,85
2842;118,85
2843;118,83
2844;118,80
2845;118,78
2846;118,71
2847;118,66
2848;118,62
2849;118,62
2850;118,55
2851;118,46
2852;118,45
2853;118,37
2854;118,35
2855;118,32
2856;118,32
2857;118,30
2858;118,30
2859;118,19
2860;118,08
2861;117,88
2862;117,57
2863;117,53
2864;117,52
2865;117,47
2866;117,44
2867;117,35
2868;117,35
2869;117,30
2870;117,26
2871;117,26
2872;117,24
2873;117,23
2874;117,20
2875;117,17
2876;117,15
2877;117,12
2878;117,10
2879;117,09
2880;116,98
2881;116,87
2882;116,83
2883;116,81
2884;116,78
2885;116,78
2886;116,78
2887;116,77
2888;116,76
2889;116,71
2890;116,67
2891;116,58
2892;116,57
2893;116,57
2894;116,52
2895;116,48
2896;116,46
2897;116,45
2898;116,40
2899;116,39
2900;116,39
2901;116,37
2902;116,32
2903;116,28
2904;116,24
2905;116,24
2906;116,23
2907;116,19
2908;116,17
2909;116,17
2910;116,03
2911;116,03
2912;116,02
2913;115,91
2914;115,84
2915;115,78
2916;115,78
2917;115,77
2918;115,71
2919;115,66
2920;115,61
2921;115,57
2922;115,56
2923;115,54
2924;115,49
2925;115,45
2926;115,44
2927;115,38
2928;115,27
2929;115,23
2930;115,20
2931;115,06
2932;115,05
2933;114,97
2934;114,96
2935;114,94
2936;114,91
2937;114,88
2938;114,86
2939;114,84
2940;114,78
2941;114,75
2942;114,63
2943;114,62
2944;114,61
2945;114,59
2946;114,58
2947;114,55
2948;114,54
2949;114,50
2950;114,50
2951;114,50
2952;114,49
2953;114,43
2954;114,43
2955;114,41
2956;114,40
2957;114,35
2958;114,33
2959;114,31
2960;114,29
2961;114,23
2962;114,22
2963;114,20
2964;114,14
2965;114,14
2966;114,07
2967;114,03
2968;114,03
2969;113,99
2970;113,99
2971;113,98
2972;113,95
2973;113,94
2974;113,91
2975;113,87
2976;113,82
2977;113,80
2978;113,77
2979;113,77
2980;113,73
2981;113,72
2982;113,72
2983;113,72
2984;113,72
2985;113,63
2986;113,63
2987;113,55
2988;113,49
2989;113,44
2990;113,41
2991;113,37
2992;113,37
2993;113,32
2994;113,31
2995;113,30
2996;113,30
2997;113,28
2998;113,27
2999;113,27
3000;113,22
3001;113,14
3002;113,12
3003;113,10
3004;113,02
3005;113,01
3006;113,00
3007;113,00
3008;112,98
3009;112,97
3010;112,95
3011;112,93
3012;112,91
3013;112,87
3014;112,87
3015;112,85
3016;112,84
3017;112,82
3018;112,80
3019;112,75
3020;112,72
3021;112,71
3022;112,70
3023;112,66
3024;112,63
3025;112,55
3026;112,54
3027;112,53
3028;112,50
3029;112,49
3030;112,48
3031;112,47
3032;112,46
3033;112,46
3034;112,45
3035;112,45
3036;112,32
3037;112,24
3038;112,20
3039;112,20
3040;112,19
3041;112,14
3042;112,09
3043;112,05
3044;112,04
3045;112,03
3046;111,99
3047;111,96
3048;111,92
3049;111,91
3050;111,90
3051;111,87
3052;111,86
3053;111,86
3054;111,85
3055;111,82
3056;111,82
3057;111,81
3058;111,80
3059;111,78
3060;111,71
3061;111,66
3062;111,65
3063;111,59
3064;111,57
3065;111,56
3066;111,56
3067;111,54
3068;111,54
3069;111,54
3070;111,51
3071;111,49
3072;111,46
3073;111,43
3074;111,42
3075;111,42
3076;111,39
3077;111,39
3078;111,37
3079;111,35
3080;111,32
3081;111,29
3082;111,28
3083;111,25
3084;111,24
3085;111,22
3086;111,18
3087;111,18
3088;111,16
3089;111,14
3090;111,13
3091;111,09
3092;111,09
3093;111,07
3094;111,03
3095;111,01
3096;110,97
3097;110,97
3098;110,93
3099;110,89
3100;110,84
3101;110,83
3102;110,79
3103;110,78
3104;110,75
3105;110,67
3106;110,67
3107;110,66
3108;110,64
3109;110,55
3110;110,51
3111;110,49
3112;110,48
3113;110,47
3114;110,46
3115;110,44
3116;110,41
3117;110,40
3118;110,37
3119;110,36
3120;110,34
3121;110,27
3122;110,24
3123;110,24
3124;110,24
3125;110,20
3126;110,17
3127;110,16
3128;110,12
3129;110,12
3130;110,10
3131;110,09
3132;110,09
3133;110,08
3134;110,08
3135;110,06
3136;110,06
3137;110,06
3138;110,05
3139;110,04
3140;110,03
3141;109,99
3142;109,99
3143;109,96
3144;109,96
3145;109,96
3146;109,94
3147;109,93
3148;109,88
3149;109,83
3150;109,82
3151;109,82
3152;109,82
3153;109,82
3154;109,81
3155;109,80
3156;109,78
3157;109,71
3158;109,69
3159;109,68
3160;109,66
3161;109,64
3162;109,64
3163;109,63
3164;109,63
3165;109,60
3166;109,59
3167;109,57
3168;109,48
3169;109,46
3170;109,45
3171;109,37
3172;109,36
3173;109,35
3174;109,35
3175;109,30
3176;109,29
3177;109,26
3178;109,26
3179;109,23
3180;109,23
3181;109,22
3182;109,21
3183;109,17
3184;109,17
3185;109,13
3186;109,13
3187;109,11
3188;109,08
3189;109,08
3190;109,06
3191;109,05
3192;109,03
3193;109,00
3194;108,99
3195;108,89
3196;108,87
3197;108,83
3198;108,83
3199;108,83
3200;108,80
3201;108,74
3202;108,73
3203;108,73
3204;108,68
3205;108,67
3206;108,66
3207;108,63
3208;108,63
3209;108,59
3210;108,58
3211;108,56
3212;108,56
3213;108,55
3214;108,54
3215;108,54
3216;108,53
3217;108,49
3218;108,48
3219;108,47
3220;108,46
3221;108,45
3222;108,44
3223;108,44
3224;108,42
3225;108,40
3226;108,38
3227;108,38
3228;108,37
3229;108,37
3230;108,35
3231;108,33
3232;108,31
3233;108,29
3234;108,28
3235;108,27
3236;108,27
3237;108,25
3238;108,25
3239;108,24
3240;108,20
3241;108,19
3242;108,19
3243;108,19
3244;108,14
3245;108,10
3246;108,07
3247;108,06
3248;108,05
3249;108,05
3250;108,03
3251;108,01
3252;107,98
3253;107,93
3254;107,89
3255;107,89
3256;107,89
3257;107,88
3258;107,87
3259;107,87
3260;107,86
3261;107,85
3262;107,85
3263;107,83
3264;107,82
3265;107,81
3266;107,81
3267;107,81
3268;107,80
3269;107,79
3270;107,78
3271;107,76
3272;107,75
3273;107,74
3274;107,72
3275;107,71
3276;107,71
3277;107,69
3278;107,67
3279;107,66
3280;107,64
3281;107,64
3282;107,64
3283;107,63
3284;107,62
3285;107,59
3286;107,57
3287;107,57
3288;107,56
3289;107,54
3290;107,53
3291;107,49
3292;107,49
3293;107,49
3294;107,45
3295;107,45
3296;107,45
3297;107,44
3298;107,40
3299;107,37
3300;107,35
3301;107,35
3302;107,35
3303;107,34
3304;107,34
3305;107,31
3306;107,31
3307;107,26
3308;107,25
3309;107,24
3310;107,21
3311;107,18
3312;107,18
3313;107,17
3314;107,17
3315;107,16
3316;107,13
3317;107,13
3318;107,12
3319;107,09
3320;107,09
3321;107,09
3322;107,06
3323;107,05
3324;107,04
3325;107,03
3326;107,03
3327;107,03
3328;106,97
3329;106,97
3330;106,95
3331;106,94
3332;106,92
3333;106,91
3334;106,88
3335;106,88
3336;106,88
3337;106,86
3338;106,86
3339;106,86
3340;106,83
3341;106,82
3342;106,81
3343;106,81
3344;106,79
3345;106,79
3346;106,78
3347;106,78
3348;106,75
3349;106,73
3350;106,67
3351;106,67
3352;106,65
3353;106,64
3354;106,63
3355;106,62
3356;106,61
3357;106,59
3358;106,57
3359;106,57
3360;106,55
3361;106,55
3362;106,53
3363;106,52
3364;106,51
3365;106,46
3366;106,46
3367;106,46
3368;106,46
3369;106,45
3370;106,44
3371;106,42
3372;106,42
3373;106,41
3374;106,41
3375;106,40
3376;106,39
3377;106,39
3378;106,33
3379;106,30
3380;106,27
3381;106,27
3382;106,26
3383;106,24
3384;106,23
3385;106,22
3386;106,21
3387;106,20
3388;106,19
3389;106,17
3390;106,16
3391;106,16
3392;106,15
3393;106,13
3394;106,13
3395;106,13
3396;106,11
3397;106,11
3398;106,10
3399;106,05
3400;106,05
3401;106,01
3402;106,01
3403;106,01
3404;106,00
3405;106,00
3406;105,99
3407;105,98
3408;105,96
3409;105,96
3410;105,94
3411;105,92
3412;105,92
3413;105,91
3414;105,89
3415;105,86
3416;105,84
3417;105,84
3418;105,83
3419;105,81
3420;105,78
3421;105,78
3422;105,77
3423;105,77
3424;105,76
3425;105,76
3426;105,75
3427;105,73
3428;105,72
3429;105,71
3430;105,70
3431;105,68
3432;105,67
3433;105,65
3434;105,63
3435;105,61
3436;105,61
3437;105,58
3438;105,51
3439;105,51
3440;105,46
3441;105,46
3442;105,45
3443;105,45
3444;105,44
3445;105,44
3446;105,43
3447;105,42
3448;105,35
3449;105,31
3450;105,30
3451;105,29
3452;105,28
3453;105,24
3454;105,22
3455;105,20
3456;105,19
3457;105,19
3458;105,17
3459;105,17
3460;105,16
3461;105,12
3462;105,11
3463;105,09
3464;105,08
3465;105,04
3466;105,04
3467;105,03
3468;105,02
3469;105,01
3470;105,01
3471;105,00
3472;105,00
3473;105,00
3474;104,98
3475;104,97
3476;104,97
3477;104,97
3478;104,96
3479;104,93
3480;104,92
3481;104,89
3482;104,89
3483;104,88
3484;104,85
3485;104,84
3486;104,83
3487;104,82
3488;104,82
3489;104,77
3490;104,77
3491;104,73
3492;104,72
3493;104,65
3494;104,63
3495;104,60
3496;104,56
3497;104,53
3498;104,52
3499;104,52
3500;104,50
3501;104,50
3502;104,49
3503;104,48
3504;104,48
3505;104,44
3506;104,43
3507;104,42
3508;104,42
3509;104,41
3510;104,40
3511;104,38
3512;104,37
3513;104,36
3514;104,34
3515;104,34
3516;104,34
3517;104,32
3518;104,31
3519;104,30
3520;104,29
3521;104,28
3522;104,28
3523;104,27
3524;104,27
3525;104,26
3526;104,25
3527;104,25
3528;104,24
3529;104,23
3530;104,21
3531;104,20
3532;104,19
3533;104,19
3534;104,17
3535;104,16
3536;104,13
3537;104,10
3538;104,09
3539;104,09
3540;104,07
3541;104,06
3542;104,05
3543;104,05
3544;104,03
3545;104,01
3546;104,00
3547;104,00
3548;103,99
3549;103,99
3550;103,98
3551;103,97
3552;103,97
3553;103,96
3554;103,93
3555;103,91
3556;103,90
3557;103,89
3558;103,89
3559;103,88
3560;103,87
3561;103,84
3562;103,84
3563;103,84
3564;103,84
3565;103,83
3566;103,82
3567;103,81
3568;103,81
3569;103,81
3570;103,81
3571;103,80
3572;103,80
3573;103,80
3574;103,79
3575;103,77
3576;103,76
3577;103,76
3578;103,76
3579;103,76
3580;103,75
3581;103,74
3582;103,72
3583;103,72
3584;103,71
3585;103,68
3586;103,67
3587;103,65
3588;103,64
3589;103,64
3590;103,63
3591;103,60
3592;103,59
3593;103,57
3594;103,55
3595;103,54
3596;103,53
3597;103,52
3598;103,52
3599;103,52
3600;103,51
3601;103,50
3602;103,49
3603;103,46
3604;103,45
3605;103,42
3606;103,41
3607;103,41
3608;103,38
3609;103,36
3610;103,36
3611;103,35
3612;103,34
3613;103,34
3614;103,29
3615;103,28
3616;103,27
3617;103,25
3618;103,24
3619;103,20
3620;103,18
3621;103,16
3622;103,16
3623;103,15
3624;103,12
3625;103,12
3626;103,09
3627;103,06
3628;103,06
3629;103,06
3630;103,05
3631;103,04
3632;103,02
3633;103,02
3634;102,98
3635;102,97
3636;102,94
3637;102,94
3638;102,94
3639;102,93
3640;102,93
3641;102,89
3642;102,89
3643;102,89
3644;102,89
3645;102,89
3646;102,88
3647;102,86
3648;102,86
3649;102,83
3650;102,82
3651;102,81
3652;102,81
3653;102,76
3654;102,76
3655;102,75
3656;102,75
3657;102,73
3658;102,73
3659;102,71
3660;102,71
3661;102,67
3662;102,66
3663;102,65
3664;102,62
3665;102,61
3666;102,61
3667;102,61
3668;102,57
3669;102,56
3670;102,53
3671;102,52
3672;102,51
3673;102,50
3674;102,46
3675;102,45
3676;102,45
3677;102,45
3678;102,45
3679;102,45
3680;102,42
3681;102,42
3682;102,40
3683;102,39
3684;102,39
3685;102,38
3686;102,38
3687;102,37
3688;102,35
3689;102,34
3690;102,34
3691;102,33
3692;102,33
3693;102,30
3694;102,29
3695;102,27
3696;102,26
3697;102,25
3698;102,24
3699;102,24
3700;102,22
3701;102,22
3702;102,21
3703;102,19
3704;102,19
3705;102,19
3706;102,17
3707;102,16
3708;102,16
3709;102,14
3710;102,14
3711;102,13
3712;102,13
3713;102,13
3714;102,12
3715;102,10
3716;102,09
3717;102,09
3718;102,08
3719;102,07
3720;102,07
3721;102,05
3722;102,05
3723;102,04
3724;102,03
3725;102,01
3726;102,01
3727;101,98
3728;101,96
3729;101,93
3730;101,93
3731;101,92
3732;101,92
3733;101,91
3734;101,91
3735;101,91
3736;101,88
3737;101,88
3738;101,88
3739;101,87
3740;101,85
3741;101,84
3742;101,74
3743;101,74
3744;101,71
3745;101,70
3746;101,70
3747;101,70
3748;101,70
3749;101,69
3750;101,69
3751;101,66
3752;101,65
3753;101,65
3754;101,63
3755;101,60
3756;101,60
3757;101,60
3758;101,59
3759;101,59
3760;101,59
3761;101,58
3762;101,57
3763;101,55
3764;101,54
3765;101,53
3766;101,53
3767;101,53
3768;101,52
3769;101,52
3770;101,49
3771;101,48
3772;101,48
3773;101,47
3774;101,47
3775;101,46
3776;101,45
3777;101,45
3778;101,40
3779;101,39
3780;101,39
3781;101,38
3782;101,35
3783;101,34
3784;101,33
3785;101,33
3786;101,33
3787;101,33
3788;101,32
3789;101,32
3790;101,32
3791;101,31
3792;101,30
3793;101,30
3794;101,29
3795;101,27
3796;101,26
3797;101,24
3798;101,23
3799;101,23
3800;101,21
3801;101,19
3802;101,19
3803;101,18
3804;101,18
3805;101,18
3806;101,17
3807;101,16
3808;101,16
3809;101,15
3810;101,11
3811;101,11
3812;101,10
3813;101,10
3814;101,09
3815;101,08
3816;101,07
3817;101,06
3818;101,04
3819;101,04
3820;101,02
3821;101,00
3822;101,00
3823;101,00
3824;101,00
3825;101,00
3826;100,99
3827;100,98
3828;100,98
3829;100,96
3830;100,95
3831;100,95
3832;100,95
3833;100,93
3834;100,93
3835;100,90
3836;100,89
3837;100,89
3838;100,89
3839;100,89
3840;100,88
3841;100,87
3842;100,87
3843;100,85
3844;100,82
3845;100,82
3846;100,80
3847;100,78
3848;100,77
3849;100,77
3850;100,76
3851;100,71
3852;100,71
3853;100,69
3854;100,69
3855;100,69
3856;100,68
3857;100,67
3858;100,67
3859;100,66
3860;100,65
3861;100,64
3862;100,64
3863;100,61
3864;100,58
3865;100,58
3866;100,58
3867;100,58
3868;100,57
3869;100,57
3870;100,56
3871;100,56
3872;100,56
3873;100,55
3874;100,54
3875;100,54
3876;100,53
3877;100,53
3878;100,52
3879;100,51
3880;100,50
3881;100,49
3882;100,47
3883;100,46
3884;100,45
3885;100,40
3886;100,37
3887;100,36
3888;100,36
3889;100,36
3890;100,35
3891;100,35
3892;100,33
3893;100,33
3894;100,33
3895;100,32
3896;100,31
3897;100,30
3898;100,27
3899;100,24
3900;100,23
3901;100,23
3902;100,22
3903;100,21
3904;100,21
3905;100,20
3906;100,19
3907;100,17
3908;100,17
3909;100,17
3910;100,15
3911;100,13
3912;100,13
3913;100,12
3914;100,11
3915;100,10
3916;100,10
3917;100,08
3918;100,07
3919;100,06
3920;100,06
3921;100,04
3922;100,04
3923;100,02
3924;100,02
3925;100,00
3926;99,99
3927;99,98
3928;99,97
3929;99,95
3930;99,95
3931;99,94
3932;99,91
3933;99,91
3934;99,90
3935;99,89
3936;99,89
3937;99,85
3938;99,85
3939;99,84
3940;99,83
3941;99,81
3942;99,80
3943;99,77
3944;99,72
3945;99,68
3946;99,68
3947;99,65
3948;99,63
3949;99,63
3950;99,61
3951;99,60
3952;99,60
3953;99,59
3954;99,56
3955;99,54
3956;99,53
3957;99,52
3958;99,51
3959;99,50
3960;99,49
3961;99,48
3962;99,45
3963;99,44
3964;99,44
3965;99,42
3966;99,41
3967;99,39
3968;99,37
3969;99,36
3970;99,35
3971;99,32
3972;99,32
3973;99,32
3974;99,30
3975;99,30
3976;99,25
3977;99,25
3978;99,24
3979;99,23
3980;99,22
3981;99,21
3982;99,19
3983;99,18
3984;99,17
3985;99,17
3986;99,16
3987;99,14
3988;99,13
3989;99,13
3990;99,10
3991;99,10
3992;99,07
3993;99,06
3994;99,03
3995;99,03
3996;99,02
3997;99,00
3998;98,99
3999;98,99
4000;98,95
4001;98,93
4002;98,92
4003;98,91
4004;98,89
4005;98,88
4006;98,87
4007;98,85
4008;98,84
4009;98,83
4010;98,81
4011;98,81
4012;98,80
4013;98,76
4014;98,75
4015;98,74
4016;98,71
4017;98,70
4018;98,70
4019;98,70
4020;98,67
4021;98,62
4022;98,62
4023;98,62
4024;98,59
4025;98,59
4026;98,58
4027;98,56
4028;98,56
4029;98,55
4030;98,55
4031;98,52
4032;98,51
4033;98,51
4034;98,50
4035;98,45
4036;98,41
4037;98,40
4038;98,39
4039;98,36
4040;98,36
4041;98,34
4042;98,33
4043;98,29
4044;98,27
4045;98,27
4046;98,23
4047;98,20
4048;98,19
4049;98,18
4050;98,18
4051;98,17
4052;98,15
4053;98,14
4054;98,14
4055;98,11
4056;98,09
4057;98,07
4058;98,05
4059;98,01
4060;98,01
4061;98,00
4062;98,00
4063;97,91
4064;97,89
4065;97,87
4066;97,87
4067;97,86
4068;97,83
4069;97,81
4070;97,81
4071;97,81
4072;97,78
4073;97,78
4074;97,78
4075;97,77
4076;97,76
4077;97,74
4078;97,72
4079;97,71
4080;97,71
4081;97,70
4082;97,70
4083;97,62
4084;97,55
4085;97,52
4086;97,50
4087;97,50
4088;97,46
4089;97,44
4090;97,41
4091;97,41
4092;97,37
4093;97,36
4094;97,34
4095;97,33
4096;97,32
4097;97,31
4098;97,28
4099;97,28
4100;97,27
4101;97,27
4102;97,25
4103;97,25
4104;97,24
4105;97,24
4106;97,22
4107;97,22
4108;97,20
4109;97,19
4110;97,18
4111;97,13
4112;97,11
4113;97,08
4114;97,06
4115;97,04
4116;97,04
4117;97,03
4118;97,03
4119;96,98
4120;96,97
4121;96,92
4122;96,90
4123;96,90
4124;96,88
4125;96,86
4126;96,82
4127;96,80
4128;96,80
4129;96,80
4130;96,79
4131;96,79
4132;96,78
4133;96,75
4134;96,74
4135;96,71
4136;96,71
4137;96,70
4138;96,64
4139;96,63
4140;96,61
4141;96,61
4142;96,60
4143;96,59
4144;96,55
4145;96,54
4146;96,54
4147;96,54
4148;96,49
4149;96,45
4150;96,43
4151;96,41
4152;96,40
4153;96,39
4154;96,39
4155;96,39
4156;96,39
4157;96,36
4158;96,34
4159;96,34
4160;96,33
4161;96,33
4162;96,30
4163;96,29
4164;96,29
4165;96,26
4166;96,24
4167;96,24
4168;96,24
4169;96,21
4170;96,20
4171;96,20
4172;96,19
4173;96,19
4174;96,18
4175;96,18
4176;96,14
4177;96,09
4178;96,09
4179;96,08
4180;96,05
4181;96,05
4182;96,05
4183;96,04
4184;96,03
4185;96,01
4186;96,00
4187;96,00
4188;95,97
4189;95,94
4190;95,93
4191;95,93
4192;95,90
4193;95,89
4194;95,84
4195;95,84
4196;95,81
4197;95,79
4198;95,79
4199;95,78
4200;95,74
4201;95,72
4202;95,71
4203;95,70
4204;95,68
4205;95,67
4206;95,67
4207;95,66
4208;95,63
4209;95,62
4210;95,54
4211;95,51
4212;95,49
4213;95,48
4214;95,46
4215;95,46
4216;95,45
4217;95,44
4218;95,43
4219;95,43
4220;95,42
4221;95,41
4222;95,37
4223;95,36
4224;95,36
4225;95,36
4226;95,35
4227;95,31
4228;95,31
4229;95,31
4230;95,22
4231;95,21
4232;95,14
4233;95,13
4234;95,13
4235;95,12
4236;95,12
4237;95,11
4238;95,10
4239;95,10
4240;95,08
4241;95,07
4242;95,04
4243;95,00
4244;94,88
4245;94,87
4246;94,83
4247;94,83
4248;94,82
4249;94,82
4250;94,74
4251;94,73
4252;94,73
4253;94,71
4254;94,68
4255;94,68
4256;94,67
4257;94,66
4258;94,66
4259;94,64
4260;94,63
4261;94,63
4262;94,62
4263;94,61
4264;94,60
4265;94,56
4266;94,54
4267;94,52
4268;94,50
4269;94,49
4270;94,47
4271;94,44
4272;94,42
4273;94,39
4274;94,38
4275;94,37
4276;94,36
4277;94,35
4278;94,34
4279;94,32
4280;94,31
4281;94,29
4282;94,28
4283;94,27
4284;94,25
4285;94,22
4286;94,19
4287;94,18
4288;94,17
4289;94,16
4290;94,16
4291;94,16
4292;94,14
4293;94,13
4294;94,11
4295;94,11
4296;94,09
4297;94,07
4298;94,06
4299;94,05
4300;94,04
4301;94,03
4302;94,00
4303;94,00
4304;93,99
4305;93,97
4306;93,95
4307;93,93
4308;93,93
4309;93,85
4310;93,84
4311;93,83
4312;93,81
4313;93,81
4314;93,80
4315;93,80
4316;93,80
4317;93,77
4318;93,77
4319;93,75
4320;93,72
4321;93,70
4322;93,69
4323;93,67
4324;93,66
4325;93,62
4326;93,59
4327;93,58
4328;93,54
4329;93,53
4330;93,53
4331;93,51
4332;93,50
4333;93,49
4334;93,47
4335;93,43
4336;93,42
4337;93,40
4338;93,39
4339;93,38
4340;93,38
4341;93,37
4342;93,35
4343;93,31
4344;93,29
4345;93,29
4346;93,28
4347;93,26
4348;93,25
4349;93,22
4350;93,21
4351;93,21
4352;93,21
4353;93,18
4354;93,18
4355;93,18
4356;93,18
4357;93,12
4358;93,10
4359;93,10
4360;93,09
4361;93,08
4362;93,07
4363;93,06
4364;93,05
4365;93,03
4366;93,01
4367;92,95
4368;92,90
4369;92,88
4370;92,87
4371;92,86
4372;92,85
4373;92,84
4374;92,84
4375;92,81
4376;92,79
4377;92,79
4378;92,78
4379;92,75
4380;92,75
4381;92,74
4382;92,73
4383;92,72
4384;92,71
4385;92,71
4386;92,70
4387;92,70
4388;92,67
4389;92,66
4390;92,64
4391;92,62
4392;92,62
4393;92,61
4394;92,60
4395;92,59
4396;92,59
4397;92,57
4398;92,57
4399;92,55
4400;92,55
4401;92,52
4402;92,49
4403;92,49
4404;92,49
4405;92,48
4406;92,41
4407;92,39
4408;92,38
4409;92,35
4410;92,35
4411;92,35
4412;92,32
4413;92,28
4414;92,25
4415;92,25
4416;92,25
4417;92,20
4418;92,19
4419;92,17
4420;92,14
4421;92,14
4422;92,13
4423;92,10
4424;92,09
4425;92,06
4426;92,05
4427;92,05
4428;92,04
4429;92,02
4430;91,97
4431;91,92
4432;91,92
4433;91,88
4434;91,85
4435;91,84
4436;91,82
4437;91,79
4438;91,78
4439;91,74
4440;91,69
4441;91,67
4442;91,65
4443;91,65
4444;91,65
4445;91,64
4446;91,63
4447;91,63
4448;91,60
4449;91,58
4450;91,57
4451;91,56
4452;91,54
4453;91,53
4454;91,52
4455;91,51
4456;91,49
4457;91,43
4458;91,41
4459;91,40
4460;91,39
4461;91,33
4462;91,32
4463;91,32
4464;91,30
4465;91,29
4466;91,29
4467;91,27
4468;91,26
4469;91,26
4470;91,23
4471;91,23
4472;91,18
4473;91,12
4474;91,12
4475;91,11
4476;91,09
4477;91,08
4478;91,07
4479;91,05
4480;90,99
4481;90,98
4482;90,97
4483;90,92
4484;90,92
4485;90,91
4486;90,91
4487;90,90
4488;90,89
4489;90,86
4490;90,80
4491;90,76
4492;90,74
4493;90,73
4494;90,73
4495;90,70
4496;90,70
4497;90,68
4498;90,67
4499;90,65
4500;90,63
4501;90,62
4502;90,61
4503;90,56
4504;90,52
4505;90,51
4506;90,51
4507;90,45
4508;90,44
4509;90,43
4510;90,43
4511;90,42
4512;90,42
4513;90,42
4514;90,38
4515;90,36
4516;90,36
4517;90,35
4518;90,34
4519;90,31
4520;90,28
4521;90,27
4522;90,26
4523;90,23
4524;90,21
4525;90,18
4526;90,18
4527;90,17
4528;90,17
4529;90,16
4530;90,16
4531;90,14
4532;90,13
4533;90,08
4534;90,07
4535;90,06
4536;90,05
4537;90,05
4538;90,05
4539;90,04
4540;90,03
4541;90,03
4542;90,03
4543;90,03
4544;89,99
4545;89,98
4546;89,98
4547;89,97
4548;89,94
4549;89,93
4550;89,93
4551;89,93
4552;89,89
4553;89,84
4554;89,84
4555;89,81
4556;89,76
4557;89,75
4558;89,72
4559;89,72
4560;89,71
4561;89,69
4562;89,68
4563;89,63
4564;89,62
4565;89,61
4566;89,60
4567;89,60
4568;89,56
4569;89,53
4570;89,53
4571;89,51
4572;89,47
4573;89,45
4574;89,45
4575;89,43
4576;89,41
4577;89,36
4578;89,35
4579;89,35
4580;89,35
4581;89,33
4582;89,32
4583;89,30
4584;89,30
4585;89,29
4586;89,28
4587;89,25
4588;89,25
4589;89,22
4590;89,22
4591;89,21
4592;89,20
4593;89,16
4594;89,12
4595;89,12
4596;89,11
4597;89,11
4598;89,10
4599;89,05
4600;89,04
4601;89,01
4602;88,97
4603;88,96
4604;88,95
4605;88,94
4606;88,94
4607;88,93
4608;88,91
4609;88,91
4610;88,91
4611;88,90
4612;88,79
4613;88,76
4614;88,74
4615;88,74
4616;88,72
4617;88,71
4618;88,68
4619;88,66
4620;88,65
4621;88,60
4622;88,60
4623;88,57
4624;88,52
4625;88,51
4626;88,51
4627;88,45
4628;88,41
4629;88,40
4630;88,40
4631;88,34
4632;88,31
4633;88,31
4634;88,24
4635;88,22
4636;88,20
4637;88,17
4638;88,17
4639;88,11
4640;88,10
4641;88,10
4642;88,09
4643;88,08
4644;88,07
4645;87,94
4646;87,92
4647;87,88
4648;87,85
4649;87,80
4650;87,79
4651;87,78
4652;87,78
4653;87,76
4654;87,68
4655;87,68
4656;87,67
4657;87,66
4658;87,65
4659;87,64
4660;87,64
4661;87,62
4662;87,61
4663;87,60
4664;87,60
4665;87,59
4666;87,59
4667;87,58
4668;87,58
4669;87,52
4670;87,49
4671;87,48
4672;87,48
4673;87,46
4674;87,45
4675;87,42
4676;87,34
4677;87,33
4678;87,29
4679;87,26
4680;87,24
4681;87,20
4682;87,16
4683;87,16
4684;87,13
4685;87,13
4686;87,10
4687;87,09
4688;87,09
4689;87,08
4690;87,07
4691;87,07
4692;87,06
4693;87,05
4694;87,02
4695;87,00
4696;87,00
4697;86,95
4698;86,95
4699;86,94
4700;86,92
4701;86,91
4702;86,90
4703;86,89
4704;86,89
4705;86,86
4706;86,86
4707;86,85
4708;86,84
4709;86,82
4710;86,81
4711;86,80
4712;86,73
4713;86,73
4714;86,71
4715;86,70
4716;86,69
4717;86,67
4718;86,66
4719;86,65
4720;86,64
4721;86,63
4722;86,58
4723;86,57
4724;86,56
4725;86,50
4726;86,41
4727;86,35
4728;86,33
4729;86,32
4730;86,28
4731;86,26
4732;86,22
4733;86,12
4734;86,12
4735;86,12
4736;86,10
4737;86,09
4738;86,08
4739;86,05
4740;86,04
4741;85,99
4742;85,97
4743;85,96
4744;85,94
4745;85,92
4746;85,90
4747;85,90
4748;85,87
4749;85,85
4750;85,83
4751;85,78
4752;85,78
4753;85,77
4754;85,76
4755;85,66
4756;85,64
4757;85,63
4758;85,61
4759;85,60
4760;85,55
4761;85,53
4762;85,52
4763;85,51
4764;85,50
4765;85,45
4766;85,43
4767;85,42
4768;85,39
4769;85,33
4770;85,33
4771;85,25
4772;85,24
4773;85,17
4774;85,14
4775;85,10
4776;84,99
4777;84,93
4778;84,90
4779;84,88
4780;84,78
4781;84,71
4782;84,71
4783;84,70
4784;84,70
4785;84,67
4786;84,66
4787;84,65
4788;84,64
4789;84,59
4790;84,58
4791;84,58
4792;84,53
4793;84,52
4794;84,51
4795;84,50
4796;84,50
4797;84,46
4798;84,42
4799;84,34
4800;84,21
4801;84,20
4802;84,18
4803;84,17
4804;84,14
4805;84,13
4806;84,12
4807;84,12
4808;83,96
4809;83,94
4810;83,91
4811;83,89
4812;83,89
4813;83,88
4814;83,88
4815;83,87
4816;83,84
4817;83,80
4818;83,79
4819;83,78
4820;83,74
4821;83,67
4822;83,65
4823;83,60
4824;83,56
4825;83,52
4826;83,45
4827;83,43
4828;83,42
4829;83,40
4830;83,37
4831;83,36
4832;83,36
4833;83,35
4834;83,32
4835;83,25
4836;83,25
4837;83,23
4838;83,18
4839;83,17
4840;83,16
4841;83,05
4842;82,99
4843;82,99
4844;82,96
4845;82,94
4846;82,92
4847;82,89
4848;82,87
4849;82,83
4850;82,79
4851;82,79
4852;82,68
4853;82,63
4854;82,62
4855;82,61
4856;82,58
4857;82,55
4858;82,54
4859;82,51
4860;82,50
4861;82,44
4862;82,42
4863;82,41
4864;82,34
4865;82,34
4866;82,32
4867;82,10
4868;82,09
4869;82,09
4870;82,08
4871;82,08
4872;82,07
4873;82,06
4874;82,05
4875;82,05
4876;82,05
4877;82,04
4878;82,02
4879;81,95
4880;81,93
4881;81,91
4882;81,88
4883;81,88
4884;81,86
4885;81,80
4886;81,79
4887;81,74
4888;81,73
4889;81,68
4890;81,66
4891;81,65
4892;81,58
4893;81,56
4894;81,54
4895;81,52
4896;81,47
4897;81,43
4898;81,40
4899;81,39
4900;81,35
4901;81,33
4902;81,27
4903;81,16
4904;81,09
4905;81,02
4906;81,01
4907;80,95
4908;80,93
4909;80,92
4910;80,91
4911;80,91
4912;80,88
4913;80,86
4914;80,86
4915;80,84
4916;80,82
4917;80,82
4918;80,79
4919;80,77
4920;80,74
4921;80,74
4922;80,73
4923;80,73
4924;80,69
4925;80,55
4926;80,51
4927;80,50
4928;80,50
4929;80,48
4930;80,38
4931;80,38
4932;80,33
4933;80,33
4934;80,30
4935;80,30
4936;80,25
4937;80,20
4938;80,19
4939;80,14
4940;80,14
4941;80,13
4942;80,11
4943;80,10
4944;80,08
4945;80,05
4946;79,99
4947;79,95
4948;79,94
4949;79,93
4950;79,92
4951;79,90
4952;79,89
4953;79,87
4954;79,87
4955;79,86
4956;79,86
4957;79,83
4958;79,82
4959;79,81
4960;79,77
4961;79,77
4962;79,73
4963;79,73
4964;79,71
4965;79,69
4966;79,67
4967;79,63
4968;79,61
4969;79,57
4970;79,57
4971;79,54
4972;79,54
4973;79,52
4974;79,51
4975;79,43
4976;79,43
4977;79,40
4978;79,39
4979;79,37
4980;79,30
4981;79,30
4982;79,27
4983;79,27
4984;79,27
4985;79,26
4986;79,25
4987;79,23
4988;79,22
4989;79,21
4990;79,20
4991;79,16
4992;79,15
4993;79,11
4994;79,07
4995;79,06
4996;79,04
4997;78,97
4998;78,97
4999;78,96
5000;78,92
5001;78,91
5002;78,91
5003;78,84
5004;78,80
5005;78,80
5006;78,73
5007;78,73
5008;78,72
5009;78,69
5010;78,67
5011;78,62
5012;78,59
5013;78,56
5014;78,54
5015;78,52
5016;78,47
5017;78,46
5018;78,38
5019;78,33
5020;78,27
5021;78,27
5022;78,25
5023;78,25
5024;78,24
5025;78,22
5026;78,21
5027;78,21
5028;78,15
5029;78,15
5030;78,12
5031;78,09
5032;78,07
5033;78,06
5034;78,06
5035;78,03
5036;77,97
5037;77,94
5038;77,93
5039;77,92
5040;77,91
5041;77,87
5042;77,87
5043;77,84
5044;77,84
5045;77,83
5046;77,82
5047;77,81
5048;77,81
5049;77,79
5050;77,71
5051;77,69
5052;77,66
5053;77,64
5054;77,64
5055;77,64
5056;77,64
5057;77,62
5058;77,58
5059;77,57
5060;77,55
5061;77,52
5062;77,52
5063;77,51
5064;77,49
5065;77,48
5066;77,41
5067;77,40
5068;77,34
5069;77,33
5070;77,33
5071;77,32
5072;77,32
5073;77,29
5074;77,29
5075;77,28
5076;77,28
5077;77,27
5078;77,24
5079;77,22
5080;77,18
5081;77,15
5082;77,15
5083;77,13
5084;77,13
5085;77,13
5086;77,09
5087;77,08
5088;77,06
5089;77,06
5090;77,04
5091;77,02
5092;77,02
5093;77,01
5094;77,01
5095;76,99
5096;76,96
5097;76,95
5098;76,94
5099;76,93
5100;76,92
5101;76,92
5102;76,90
5103;76,90
5104;76,89
5105;76,84
5106;76,83
5107;76,82
5108;76,78
5109;76,73
5110;76,70
5111;76,69
5112;76,68
5113;76,66
5114;76,63
5115;76,61
5116;76,58
5117;76,57
5118;76,56
5119;76,55
5120;76,55
5121;76,51
5122;76,51
5123;76,51
5124;76,49
5125;76,46
5126;76,43
5127;76,43
5128;76,42
5129;76,41
5130;76,39
5131;76,38
5132;76,35
5133;76,35
5134;76,34
5135;76,34
5136;76,33
5137;76,33
5138;76,30
5139;76,27
5140;76,27
5141;76,25
5142;76,22
5143;76,21
5144;76,18
5145;76,16
5146;76,15
5147;76,13
5148;76,12
5149;76,11
5150;76,11
5151;76,10
5152;76,06
5153;76,06
5154;76,03
5155;76,03
5156;76,03
5157;76,01
5158;75,94
5159;75,90
5160;75,89
5161;75,89
5162;75,85
5163;75,84
5164;75,82
5165;75,82
5166;75,80
5167;75,80
5168;75,78
5169;75,76
5170;75,75
5171;75,75
5172;75,75
5173;75,71
5174;75,70
5175;75,68
5176;75,67
5177;75,67
5178;75,66
5179;75,66
5180;75,63
5181;75,61
5182;75,60
5183;75,57
5184;75,56
5185;75,52
5186;75,51
5187;75,50
5188;75,48
5189;75,46
5190;75,43
5191;75,43
5192;75,42
5193;75,40
5194;75,39
5195;75,39
5196;75,38
5197;75,38
5198;75,34
5199;75,28
5200;75,26
5201;75,25
5202;75,22
5203;75,21
5204;75,21
5205;75,21
5206;75,20
5207;75,20
5208;75,20
5209;75,16
5210;75,14
5211;75,08
5212;75,03
5213;75,02
5214;75,01
5215;74,99
5216;74,99
5217;74,97
5218;74,96
5219;74,96
5220;74,96
5221;74,89
5222;74,88
5223;74,88
5224;74,85
5225;74,82
5226;74,79
5227;74,76
5228;74,75
5229;74,74
5230;74,73
5231;74,73
5232;74,73
5233;74,65
5234;74,65
5235;74,64
5236;74,61
5237;74,59
5238;74,55
5239;74,50
5240;74,49
5241;74,47
5242;74,47
5243;74,46
5244;74,45
5245;74,43
5246;74,41
5247;74,41
5248;74,40
5249;74,39
5250;74,37
5251;74,36
5252;74,32
5253;74,32
5254;74,30
5255;74,29
5256;74,24
5257;74,23
5258;74,22
5259;74,21
5260;74,21
5261;74,20
5262;74,16
5263;74,13
5264;74,07
5265;74,07
5266;74,00
5267;73,99
5268;73,99
5269;73,96
5270;73,95
5271;73,94
5272;73,94
5273;73,92
5274;73,91
5275;73,91
5276;73,85
5277;73,81
5278;73,80
5279;73,76
5280;73,76
5281;73,73
5282;73,73
5283;73,71
5284;73,69
5285;73,68
5286;73,66
5287;73,66
5288;73,65
5289;73,64
5290;73,61
5291;73,60
5292;73,59
5293;73,59
5294;73,57
5295;73,53
5296;73,50
5297;73,50
5298;73,48
5299;73,47
5300;73,46
5301;73,46
5302;73,46
5303;73,44
5304;73,42
5305;73,41
5306;73,40
5307;73,37
5308;73,37
5309;73,36
5310;73,30
5311;73,28
5312;73,28
5313;73,27
5314;73,25
5315;73,25
5316;73,24
5317;73,23
5318;73,16
5319;73,15
5320;73,12
5321;73,12
5322;73,11
5323;73,11
5324;73,11
5325;73,10
5326;73,10
5327;73,09
5328;73,08
5329;73,06
5330;73,05
5331;73,05
5332;73,04
5333;73,03
5334;73,02
5335;73,00
5336;72,99
5337;72,97
5338;72,95
5339;72,94
5340;72,92
5341;72,91
5342;72,85
5343;72,84
5344;72,81
5345;72,81
5346;72,79
5347;72,79
5348;72,78
5349;72,76
5350;72,76
5351;72,75
5352;72,75
5353;72,74
5354;72,73
5355;72,73
5356;72,71
5357;72,68
5358;72,67
5359;72,66
5360;72,65
5361;72,60
5362;72,60
5363;72,56
5364;72,55
5365;72,51
5366;72,49
5367;72,47
5368;72,45
5369;72,43
5370;72,42
5371;72,38
5372;72,37
5373;72,36
5374;72,36
5375;72,36
5376;72,34
5377;72,33
5378;72,29
5379;72,29
5380;72,26
5381;72,23
5382;72,22
5383;72,21
5384;72,20
5385;72,19
5386;72,17
5387;72,17
5388;72,14
5389;72,12
5390;72,11
5391;72,07
5392;72,07
5393;72,07
5394;72,06
5395;72,04
5396;72,03
5397;71,97
5398;71,96
5399;71,96
5400;71,95
5401;71,93
5402;71,91
5403;71,91
5404;71,91
5405;71,90
5406;71,88
5407;71,83
5408;71,82
5409;71,80
5410;71,78
5411;71,76
5412;71,73
5413;71,67
5414;71,67
5415;71,66
5416;71,60
5417;71,60
5418;71,60
5419;71,59
5420;71,58
5421;71,58
5422;71,57
5423;71,57
5424;71,55
5425;71,53
5426;71,43
5427;71,40
5428;71,39
5429;71,39
5430;71,37
5431;71,34
5432;71,31
5433;71,30
5434;71,29
5435;71,27
5436;71,27
5437;71,25
5438;71,25
5439;71,20
5440;71,20
5441;71,17
5442;71,12
5443;71,10
5444;71,10
5445;71,09
5446;71,09
5447;71,08
5448;71,08
5449;71,05
5450;71,02
5451;70,99
5452;70,99
5453;70,95
5454;70,95
5455;70,94
5456;70,93
5457;70,92
5458;70,91
5459;70,90
5460;70,87
5461;70,82
5462;70,81
5463;70,80
5464;70,79
5465;70,74
5466;70,73
5467;70,70
5468;70,67
5469;70,65
5470;70,64
5471;70,62
5472;70,62
5473;70,61
5474;70,59
5475;70,56
5476;70,55
5477;70,54
5478;70,49
5479;70,49
5480;70,48
5481;70,44
5482;70,44
5483;70,41
5484;70,38
5485;70,38
5486;70,38
5487;70,36
5488;70,31
5489;70,31
5490;70,28
5491;70,27
5492;70,26
5493;70,24
5494;70,21
5495;70,19
5496;70,19
5497;70,12
5498;70,12
5499;70,10
5500;70,08
5501;70,06
5502;70,05
5503;70,05
5504;70,02
5505;69,96
5506;69,94
5507;69,93
5508;69,92
5509;69,92
5510;69,91
5511;69,91
5512;69,90
5513;69,89
5514;69,86
5515;69,85
5516;69,84
5517;69,83
5518;69,83
5519;69,82
5520;69,71
5521;69,71
5522;69,67
5523;69,66
5524;69,59
5525;69,58
5526;69,46
5527;69,45
5528;69,37
5529;69,33
5530;69,32
5531;69,29
5532;69,28
5533;69,27
5534;69,25
5535;69,24
5536;69,21
5537;69,16
5538;69,15
5539;69,12
5540;69,12
5541;69,10
5542;69,10
5543;69,09
5544;69,06
5545;69,04
5546;69,01
5547;69,01
5548;69,01
5549;69,00
5550;68,99
5551;68,98
5552;68,93
5553;68,88
5554;68,83
5555;68,81
5556;68,81
5557;68,77
5558;68,76
5559;68,76
5560;68,75
5561;68,74
5562;68,74
5563;68,73
5564;68,71
5565;68,71
5566;68,70
5567;68,65
5568;68,60
5569;68,60
5570;68,60
5571;68,59
5572;68,57
5573;68,52
5574;68,50
5575;68,49
5576;68,47
5577;68,39
5578;68,38
5579;68,38
5580;68,37
5581;68,36
5582;68,36
5583;68,36
5584;68,33
5585;68,32
5586;68,31
5587;68,30
5588;68,29
5589;68,27
5590;68,25
5591;68,24
5592;68,23
5593;68,22
5594;68,22
5595;68,20
5596;68,13
5597;68,13
5598;68,12
5599;68,12
5600;68,08
5601;68,03
5602;67,98
5603;67,97
5604;67,88
5605;67,84
5606;67,84
5607;67,82
5608;67,78
5609;67,77
5610;67,75
5611;67,74
5612;67,73
5613;67,66
5614;67,64
5615;67,64
5616;67,61
5617;67,60
5618;67,54
5619;67,54
5620;67,48
5621;67,43
5622;67,40
5623;67,40
5624;67,38
5625;67,35
5626;67,35
5627;67,30
5628;67,26
5629;67,25
5630;67,25
5631;67,24
5632;67,22
5633;67,19
5634;67,18
5635;67,16
5636;67,12
5637;67,09
5638;67,09
5639;67,07
5640;67,07
5641;67,06
5642;67,01
5643;67,01
5644;67,00
5645;66,99
5646;66,95
5647;66,92
5648;66,91
5649;66,90
5650;66,85
5651;66,82
5652;66,82
5653;66,81
5654;66,80
5655;66,76
5656;66,72
5657;66,69
5658;66,65
5659;66,63
5660;66,60
5661;66,59
5662;66,59
5663;66,58
5664;66,57
5665;66,56
5666;66,55
5667;66,51
5668;66,47
5669;66,47
5670;66,45
5671;66,42
5672;66,42
5673;66,42
5674;66,40
5675;66,37
5676;66,37
5677;66,35
5678;66,33
5679;66,24
5680;66,23
5681;66,23
5682;66,22
5683;66,21
5684;66,21
5685;66,21
5686;66,17
5687;66,11
5688;66,00
5689;65,99
5690;65,99
5691;65,97
5692;65,91
5693;65,85
5694;65,82
5695;65,79
5696;65,76
5697;65,75
5698;65,73
5699;65,70
5700;65,66
5701;65,66
5702;65,52
5703;65,52
5704;65,51
5705;65,47
5706;65,46
5707;65,45
5708;65,44
5709;65,33
5710;65,26
5711;65,24
5712;65,23
5713;65,23
5714;65,22
5715;65,18
5716;65,09
5717;65,04
5718;65,04
5719;65,03
5720;65,01
5721;65,00
5722;64,98
5723;64,98
5724;64,96
5725;64,89
5726;64,88
5727;64,88
5728;64,88
5729;64,88
5730;64,85
5731;64,84
5732;64,84
5733;64,79
5734;64,78
5735;64,76
5736;64,66
5737;64,63
5738;64,61
5739;64,60
5740;64,59
5741;64,57
5742;64,53
5743;64,48
5744;64,45
5745;64,45
5746;64,42
5747;64,40
5748;64,35
5749;64,28
5750;64,27
5751;64,24
5752;64,22
5753;64,13
5754;64,10
5755;64,07
5756;64,07
5757;64,06
5758;64,06
5759;63,98
5760;63,97
5761;63,90
5762;63,88
5763;63,86
5764;63,84
5765;63,84
5766;63,83
5767;63,83
5768;63,83
5769;63,80
5770;63,75
5771;63,68
5772;63,67
5773;63,60
5774;63,47
5775;63,44
5776;63,39
5777;63,36
5778;63,29
5779;63,24
5780;63,24
5781;63,19
5782;63,15
5783;63,15
5784;63,10
5785;63,08
5786;63,04
5787;63,02
5788;62,94
5789;62,92
5790;62,92
5791;62,90
5792;62,85
5793;62,80
5794;62,77
5795;62,72
5796;62,63
5797;62,61
5798;62,61
5799;62,59
5800;62,54
5801;62,52
5802;62,51
5803;62,50
5804;62,50
5805;62,50
5806;62,48
5807;62,44
5808;62,43
5809;62,42
5810;62,37
5811;62,30
5812;62,30
5813;62,26
5814;62,23
5815;62,23
5816;62,19
5817;62,18
5818;62,18
5819;62,13
5820;62,13
5821;62,13
5822;62,10
5823;62,04
5824;61,99
5825;61,99
5826;61,93
5827;61,93
5828;61,93
5829;61,89
5830;61,86
5831;61,82
5832;61,81
5833;61,80
5834;61,77
5835;61,76
5836;61,72
5837;61,67
5838;61,62
5839;61,54
5840;61,53
5841;61,44
5842;61,38
5843;61,34
5844;61,34
5845;61,34
5846;61,32
5847;61,21
5848;61,20
5849;61,20
5850;61,19
5851;61,19
5852;61,15
5853;61,14
5854;61,13
5855;61,12
5856;61,11
5857;61,10
5858;61,09
5859;61,07
5860;61,02
5861;60,99
5862;60,97
5863;60,95
5864;60,92
5865;60,89
5866;60,85
5867;60,84
5868;60,79
5869;60,77
5870;60,74
5871;60,68
5872;60,66
5873;60,60
5874;60,58
5875;60,53
5876;60,49
5877;60,40
5878;60,38
5879;60,34
5880;60,31
5881;60,30
5882;60,29
5883;60,24
5884;60,23
5885;60,14
5886;60,12
5887;60,08
5888;60,06
5889;60,03
5890;60,03
5891;60,01
5892;60,01
5893;60,00
5894;59,99
5895;59,96
5896;59,96
5897;59,95
5898;59,94
5899;59,93
5900;59,92
5901;59,90
5902;59,88
5903;59,82
5904;59,79
5905;59,77
5906;59,76
5907;59,75
5908;59,65
5909;59,61
5910;59,60
5911;59,58
5912;59,56
5913;59,52
5914;59,51
5915;59,44
5916;59,43
5917;59,39
5918;59,39
5919;59,31
5920;59,28
5921;59,25
5922;59,23
5923;59,22
5924;59,21
5925;59,20
5926;59,19
5927;59,19
5928;59,19
5929;59,12
5930;59,10
5931;59,10
5932;59,06
5933;59,00
5934;59,00
5935;58,99
5936;58,94
5937;58,94
5938;58,89
5939;58,89
5940;58,88
5941;58,87
5942;58,85
5943;58,84
5944;58,76
5945;58,75
5946;58,73
5947;58,73
5948;58,71
5949;58,71
5950;58,67
5951;58,65
5952;58,65
5953;58,64
5954;58,59
5955;58,57
5956;58,55
5957;58,55
5958;58,47
5959;58,47
5960;58,46
5961;58,38
5962;58,37
5963;58,36
5964;58,35
5965;58,35
5966;58,34
5967;58,31
5968;58,28
5969;58,24
5970;58,22
5971;58,21
5972;58,20
5973;58,17
5974;58,16
5975;58,16
5976;58,11
5977;58,09
5978;58,01
5979;57,97
5980;57,95
5981;57,94
5982;57,94
5983;57,92
5984;57,91
5985;57,88
5986;57,87
5987;57,85
5988;57,79
5989;57,78
5990;57,77
5991;57,69
5992;57,68
5993;57,66
5994;57,63
5995;57,60
5996;57,59
5997;57,58
5998;57,57
5999;57,56
6000;57,55
6001;57,55
6002;57,54
6003;57,52
6004;57,49
6005;57,44
6006;57,43
6007;57,39
6008;57,39
6009;57,38
6010;57,34
6011;57,32
6012;57,27
6013;57,26
6014;57,22
6015;57,21
6016;57,19
6017;57,16
6018;57,13
6019;57,12
6020;57,05
6021;56,99
6022;56,98
6023;56,93
6024;56,91
6025;56,88
6026;56,86
6027;56,86
6028;56,85
6029;56,82
6030;56,75
6031;56,72
6032;56,69
6033;56,68
6034;56,64
6035;56,64
6036;56,63
6037;56,62
6038;56,61
6039;56,56
6040;56,56
6041;56,54
6042;56,54
6043;56,54
6044;56,52
6045;56,49
6046;56,48
6047;56,45
6048;56,44
6049;56,44
6050;56,41
6051;56,39
6052;56,36
6053;56,34
6054;56,30
6055;56,30
6056;56,30
6057;56,27
6058;56,27
6059;56,23
6060;56,23
6061;56,23
6062;56,13
6063;56,12
6064;56,12
6065;56,07
6066;56,07
6067;56,07
6068;56,04
6069;56,01
6070;55,98
6071;55,94
6072;55,84
6073;55,81
6074;55,79
6075;55,77
6076;55,76
6077;55,74
6078;55,70
6079;55,70
6080;55,68
6081;55,63
6082;55,63
6083;55,60
6084;55,56
6085;55,50
6086;55,46
6087;55,45
6088;55,42
6089;55,37
6090;55,36
6091;55,34
6092;55,33
6093;55,33
6094;55,32
6095;55,30
6096;55,29
6097;55,23
6098;55,20
6099;55,17
6100;55,14
6101;55,13
6102;55,11
6103;55,04
6104;55,04
6105;55,01
6106;54,98
6107;54,97
6108;54,89
6109;54,89
6110;54,87
6111;54,86
6112;54,84
6113;54,80
6114;54,79
6115;54,79
6116;54,75
6117;54,71
6118;54,70
6119;54,68
6120;54,65
6121;54,63
6122;54,61
6123;54,60
6124;54,51
6125;54,50
6126;54,50
6127;54,49
6128;54,49
6129;54,40
6130;54,40
6131;54,38
6132;54,35
6133;54,33
6134;54,33
6135;54,22
6136;54,21
6137;54,12
6138;54,11
6139;54,11
6140;54,09
6141;54,06
6142;54,06
6143;54,05
6144;54,04
6145;54,03
6146;54,02
6147;53,99
6148;53,91
6149;53,91
6150;53,89
6151;53,87
6152;53,86
6153;53,85
6154;53,84
6155;53,84
6156;53,83
6157;53,81
6158;53,78
6159;53,77
6160;53,76
6161;53,74
6162;53,72
6163;53,67
6164;53,63
6165;53,60
6166;53,60
6167;53,60
6168;53,58
6169;53,58
6170;53,54
6171;53,54
6172;53,52
6173;53,50
6174;53,50
6175;53,49
6176;53,48
6177;53,43
6178;53,39
6179;53,37
6180;53,32
6181;53,26
6182;53,26
6183;53,26
6184;53,25
6185;53,25
6186;53,23
6187;53,18
6188;53,18
6189;53,16
6190;53,14
6191;53,12
6192;53,10
6193;53,10
6194;53,08
6195;53,08
6196;53,02
6197;53,00
6198;52,99
6199;52,98
6200;52,98
6201;52,98
6202;52,96
6203;52,96
6204;52,93
6205;52,92
6206;52,91
6207;52,90
6208;52,87
6209;52,86
6210;52,81
6211;52,81
6212;52,80
6213;52,79
6214;52,73
6215;52,73
6216;52,69
6217;52,64
6218;52,64
6219;52,60
6220;52,59
6221;52,58
6222;52,57
6223;52,53
6224;52,53
6225;52,47
6226;52,45
6227;52,43
6228;52,43
6229;52,37
6230;52,36
6231;52,34
6232;52,34
6233;52,33
6234;52,33
6235;52,32
6236;52,30
6237;52,29
6238;52,29
6239;52,27
6240;52,24
6241;52,22
6242;52,20
6243;52,20
6244;52,20
6245;52,17
6246;52,12
6247;52,12
6248;52,11
6249;52,09
6250;52,08
6251;52,05
6252;52,03
6253;52,03
6254;52,02
6255;52,00
6256;51,99
6257;51,98
6258;51,96
6259;51,94
6260;51,88
6261;51,87
6262;51,84
6263;51,84
6264;51,84
6265;51,78
6266;51,78
6267;51,78
6268;51,74
6269;51,74
6270;51,71
6271;51,70
6272;51,66
6273;51,66
6274;51,62
6275;51,61
6276;51,61
6277;51,59
6278;51,58
6279;51,56
6280;51,54
6281;51,49
6282;51,49
6283;51,49
6284;51,48
6285;51,41
6286;51,32
6287;51,31
6288;51,31
6289;51,30
6290;51,30
6291;51,29
6292;51,28
6293;51,26
6294;51,25
6295;51,25
6296;51,23
6297;51,22
6298;51,21
6299;51,19
6300;51,18
6301;51,18
6302;51,16
6303;51,16
6304;51,16
6305;51,16
6306;51,15
6307;51,10
6308;51,10
6309;51,08
6310;51,07
6311;51,06
6312;51,03
6313;51,02
6314;51,01
6315;50,99
6316;50,97
6317;50,95
6318;50,94
6319;50,92
6320;50,91
6321;50,89
6322;50,88
6323;50,87
6324;50,85
6325;50,83
6326;50,80
6327;50,79
6328;50,78
6329;50,75
6330;50,74
6331;50,73
6332;50,71
6333;50,70
6334;50,69
6335;50,68
6336;50,66
6337;50,66
6338;50,64
6339;50,60
6340;50,60
6341;50,57
6342;50,54
6343;50,53
6344;50,51
6345;50,47
6346;50,46
6347;50,44
6348;50,43
6349;50,42
6350;50,41
6351;50,41
6352;50,41
6353;50,37
6354;50,33
6355;50,25
6356;50,24
6357;50,24
6358;50,23
6359;50,23
6360;50,22
6361;50,21
6362;50,20
6363;50,18
6364;50,15
6365;50,12
6366;50,11
6367;50,10
6368;50,09
6369;50,06
6370;50,04
6371;50,03
6372;50,03
6373;50,02
6374;50,01
6375;49,93
6376;49,90
6377;49,89
6378;49,88
6379;49,87
6380;49,86
6381;49,85
6382;49,85
6383;49,82
6384;49,81
6385;49,79
6386;49,79
6387;49,78
6388;49,77
6389;49,74
6390;49,73
6391;49,73
6392;49,71
6393;49,70
6394;49,70
6395;49,69
6396;49,66
6397;49,65
6398;49,63
6399;49,62
6400;49,58
6401;49,58
6402;49,57
6403;49,57
6404;49,57
6405;49,54
6406;49,53
6407;49,52
6408;49,47
6409;49,47
6410;49,45
6411;49,45
6412;49,44
6413;49,40
6414;49,40
6415;49,39
6416;49,39
6417;49,39
6418;49,36
6419;49,35
6420;49,33
6421;49,30
6422;49,30
6423;49,28
6424;49,27
6425;49,27
6426;49,27
6427;49,26
6428;49,22
6429;49,17
6430;49,16
6431;49,16
6432;49,15
6433;49,15
6434;49,12
6435;49,11
6436;49,09
6437;49,09
6438;49,07
6439;49,06
6440;49,03
6441;49,02
6442;49,01
6443;49,01
6444;48,99
6445;48,95
6446;48,95
6447;48,93
6448;48,92
6449;48,86
6450;48,86
6451;48,85
6452;48,85
6453;48,85
6454;48,82
6455;48,80
6456;48,80
6457;48,80
6458;48,79
6459;48,77
6460;48,75
6461;48,75
6462;48,74
6463;48,72
6464;48,72
6465;48,72
6466;48,70
6467;48,67
6468;48,62
6469;48,60
6470;48,54
6471;48,51
6472;48,49
6473;48,48
6474;48,47
6475;48,45
6476;48,45
6477;48,44
6478;48,43
6479;48,41
6480;48,40
6481;48,39
6482;48,36
6483;48,35
6484;48,32
6485;48,31
6486;48,30
6487;48,30
6488;48,30
6489;48,25
6490;48,24
6491;48,23
6492;48,17
6493;48,16
6494;48,14
6495;48,14
6496;48,12
6497;48,11
6498;48,10
6499;48,09
6500;48,06
6501;48,03
6502;48,03
6503;48,00
6504;47,99
6505;47,98
6506;47,96
6507;47,95
6508;47,94
6509;47,91
6510;47,90
6511;47,90
6512;47,87
6513;47,86
6514;47,86
6515;47,86
6516;47,85
6517;47,82
6518;47,82
6519;47,81
6520;47,80
6521;47,78
6522;47,76
6523;47,74
6524;47,74
6525;47,72
6526;47,71
6527;47,70
6528;47,68
6529;47,68
6530;47,68
6531;47,68
6532;47,67
6533;47,67
6534;47,64
6535;47,61
6536;47,60
6537;47,59
6538;47,58
6539;47,58
6540;47,57
6541;47,57
6542;47,53
6543;47,52
6544;47,50
6545;47,50
6546;47,48
6547;47,47
6548;47,47
6549;47,46
6550;47,45
6551;47,43
6552;47,42
6553;47,41
6554;47,41
6555;47,40
6556;47,40
6557;47,40
6558;47,39
6559;47,39
6560;47,38
6561;47,38
6562;47,37
6563;47,35
6564;47,34
6565;47,34
6566;47,34
6567;47,34
6568;47,31
6569;47,30
6570;47,29
6571;47,29
6572;47,29
6573;47,28
6574;47,28
6575;47,26
6576;47,25
6577;47,24
6578;47,23
6579;47,23
6580;47,23
6581;47,22
6582;47,20
6583;47,15
6584;47,15
6585;47,13
6586;47,13
6587;47,12
6588;47,12
6589;47,09
6590;47,08
6591;47,08
6592;47,07
6593;47,05
6594;47,03
6595;47,03
6596;47,02
6597;47,02
6598;47,02
6599;47,01
6600;47,01
6601;47,01
6602;47,00
6603;46,99
6604;46,98
6605;46,98
6606;46,98
6607;46,95
6608;46,95
6609;46,94
6610;46,94
6611;46,93
6612;46,89
6613;46,88
6614;46,87
6615;46,85
6616;46,85
6617;46,85
6618;46,83
6619;46,83
6620;46,83
6621;46,83
6622;46,83
6623;46,82
6624;46,80
6625;46,79
6626;46,79
6627;46,79
6628;46,78
6629;46,78
6630;46,77
6631;46,77
6632;46,76
6633;46,75
6634;46,75
6635;46,74
6636;46,73
6637;46,73
6638;46,72
6639;46,71
6640;46,70
6641;46,70
6642;46,67
6643;46,66
6644;46,65
6645;46,62
6646;46,59
6647;46,58
6648;46,58
6649;46,56
6650;46,55
6651;46,55
6652;46,55
6653;46,54
6654;46,53
6655;46,52
6656;46,51
6657;46,50
6658;46,48
6659;46,47
6660;46,46
6661;46,44
6662;46,44
6663;46,43
6664;46,43
6665;46,43
6666;46,42
6667;46,42
6668;46,40
6669;46,40
6670;46,39
6671;46,38
6672;46,38
6673;46,38
6674;46,37
6675;46,37
6676;46,35
6677;46,35
6678;46,35
6679;46,34
6680;46,34
6681;46,30
6682;46,30
6683;46,28
6684;46,28
6685;46,28
6686;46,27
6687;46,27
6688;46,25
6689;46,23
6690;46,23
6691;46,21
6692;46,20
6693;46,20
6694;46,19
6695;46,19
6696;46,19
6697;46,18
6698;46,18
6699;46,17
6700;46,17
6701;46,12
6702;46,12
6703;46,11
6704;46,11
6705;46,10
6706;46,10
6707;46,09
6708;46,08
6709;46,06
6710;46,05
6711;46,04
6712;46,02
6713;46,02
6714;46,00
6715;45,99
6716;45,96
6717;45,96
6718;45,95
6719;45,95
6720;45,94
6721;45,93
6722;45,93
6723;45,89
6724;45,89
6725;45,86
6726;45,86
6727;45,86
6728;45,85
6729;45,84
6730;45,84
6731;45,84
6732;45,83
6733;45,82
6734;45,82
6735;45,82
6736;45,81
6737;45,81
6738;45,80
6739;45,80
6740;45,77
6741;45,77
6742;45,77
6743;45,77
6744;45,76
6745;45,76
6746;45,75
6747;45,74
6748;45,73
6749;45,69
6750;45,68
6751;45,68
6752;45,67
6753;45,66
6754;45,66
6755;45,65
6756;45,65
6757;45,64
6758;45,63
6759;45,63
6760;45,62
6761;45,61
6762;45,60
6763;45,58
6764;45,57
6765;45,57
6766;45,56
6767;45,55
6768;45,54
6769;45,53
6770;45,52
6771;45,52
6772;45,52
6773;45,51
6774;45,51
6775;45,51
6776;45,50
6777;45,49
6778;45,49
6779;45,48
6780;45,46
6781;45,46
6782;45,46
6783;45,45
6784;45,44
6785;45,44
6786;45,44
6787;45,43
6788;45,42
6789;45,40
6790;45,36
6791;45,36
6792;45,36
6793;45,35
6794;45,34
6795;45,33
6796;45,31
6797;45,31
6798;45,30
6799;45,30
6800;45,30
6801;45,30
6802;45,28
6803;45,28
6804;45,27
6805;45,26
6806;45,26
6807;45,26
6808;45,25
6809;45,25
6810;45,24
6811;45,24
6812;45,22
6813;45,22
6814;45,20
6815;45,20
6816;45,19
6817;45,19
6818;45,19
6819;45,18
6820;45,17
6821;45,17
6822;45,13
6823;45,12
6824;45,10
6825;45,09
6826;45,08
6827;45,08
6828;45,07
6829;45,07
6830;45,07
6831;45,06
6832;45,06
6833;45,06
6834;45,04
6835;45,03
6836;45,03
6837;45,02
6838;44,98
6839;44,98
6840;44,97
6841;44,97
6842;44,96
6843;44,95
6844;44,93
6845;44,93
6846;44,92
6847;44,89
6848;44,88
6849;44,87
6850;44,86
6851;44,86
6852;44,85
6853;44,85
6854;44,83
6855;44,81
6856;44,80
6857;44,80
6858;44,80
6859;44,80
6860;44,80
6861;44,78
6862;44,76
6863;44,76
6864;44,75
6865;44,73
6866;44,69
6867;44,69
6868;44,68
6869;44,68
6870;44,67
6871;44,66
6872;44,65
6873;44,63
6874;44,63
6875;44,63
6876;44,62
6877;44,62
6878;44,62
6879;44,61
6880;44,59
6881;44,58
6882;44,58
6883;44,58
6884;44,57
6885;44,55
6886;44,55
6887;44,54
6888;44,54
6889;44,54
6890;44,53
6891;44,53
6892;44,52
6893;44,51
6894;44,49
6895;44,48
6896;44,48
6897;44,48
6898;44,48
6899;44,48
6900;44,48
6901;44,47
6902;44,43
6903;44,43
6904;44,42
6905;44,41
6906;44,41
6907;44,41
6908;44,40
6909;44,36
6910;44,35
6911;44,35
6912;44,34
6913;44,33
6914;44,32
6915;44,32
6916;44,31
6917;44,30
6918;44,30
6919;44,30
6920;44,29
6921;44,29
6922;44,29
6923;44,29
6924;44,29
6925;44,27
6926;44,27
6927;44,27
6928;44,27
6929;44,25
6930;44,24
6931;44,24
6932;44,23
6933;44,23
6934;44,22
6935;44,22
6936;44,21
6937;44,21
6938;44,20
6939;44,20
6940;44,20
6941;44,19
6942;44,19
6943;44,17
6944;44,16
6945;44,15
6946;44,15
6947;44,14
6948;44,14
6949;44,12
6950;44,10
6951;44,08
6952;44,08
6953;44,08
6954;44,07
6955;44,07
6956;44,06
6957;44,05
6958;44,05
6959;44,03
6960;44,03
6961;44,03
6962;44,03
6963;44,03
6964;44,02
6965;44,02
6966;44,02
6967;44,00
6968;43,99
6969;43,96
6970;43,95
6971;43,94
6972;43,94
6973;43,93
6974;43,93
6975;43,92
6976;43,92
6977;43,92
6978;43,92
6979;43,91
6980;43,90
6981;43,88
6982;43,87
6983;43,87
6984;43,86
6985;43,86
6986;43,85
6987;43,84
6988;43,84
6989;43,82
6990;43,82
6991;43,82
6992;43,78
6993;43,74
6994;43,74
6995;43,72
6996;43,72
6997;43,71
6998;43,71
6999;43,70
7000;43,67
7001;43,67
7002;43,67
7003;43,65
7004;43,65
7005;43,64
7006;43,58
7007;43,57
7008;43,57
7009;43,53
7010;43,52
7011;43,50
7012;43,50
7013;43,48
7014;43,47
7015;43,47
7016;43,46
7017;43,46
7018;43,46
7019;43,45
7020;43,45
7021;43,43
7022;43,43
7023;43,42
7024;43,41
7025;43,40
7026;43,39
7027;43,35
7028;43,34
7029;43,33
7030;43,32
7031;43,30
7032;43,29
7033;43,29
7034;43,28
7035;43,28
7036;43,28
7037;43,27
7038;43,27
7039;43,26
7040;43,26
7041;43,26
7042;43,24
7043;43,24
7044;43,24
7045;43,22
7046;43,22
7047;43,20
7048;43,20
7049;43,20
7050;43,20
7051;43,18
7052;43,17
7053;43,17
7054;43,16
7055;43,16
7056;43,15
7057;43,14
7058;43,10
7059;43,10
7060;43,09
7061;43,09
7062;43,08
7063;43,08
7064;43,08
7065;43,08
7066;43,07
7067;43,05
7068;43,05
7069;43,05
7070;43,04
7071;43,03
7072;43,02
7073;43,02
7074;43,02
7075;43,01
7076;43,00
7077;43,00
7078;42,99
7079;42,99
7080;42,97
7081;42,97
7082;42,97
7083;42,96
7084;42,94
7085;42,93
7086;42,92
7087;42,91
7088;42,90
7089;42,89
7090;42,89
7091;42,88
7092;42,87
7093;42,87
7094;42,87
7095;42,86
7096;42,85
7097;42,85
7098;42,85
7099;42,85
7100;42,84
7101;42,84
7102;42,84
7103;42,82
7104;42,82
7105;42,82
7106;42,82
7107;42,82
7108;42,81
7109;42,79
7110;42,79
7111;42,79
7112;42,78
7113;42,77
7114;42,75
7115;42,75
7116;42,75
7117;42,75
7118;42,72
7119;42,71
7120;42,71
7121;42,71
7122;42,70
7123;42,67
7124;42,65
7125;42,64
7126;42,64
7127;42,63
7128;42,62
7129;42,60
7130;42,59
7131;42,58
7132;42,58
7133;42,58
7134;42,56
7135;42,56
7136;42,55
7137;42,55
7138;42,55
7139;42,54
7140;42,54
7141;42,54
7142;42,54
7143;42,51
7144;42,51
7145;42,51
7146;42,49
7147;42,49
7148;42,48
7149;42,48
7150;42,47
7151;42,45
7152;42,45
7153;42,43
7154;42,43
7155;42,43
7156;42,40
7157;42,40
7158;42,39
7159;42,39
7160;42,39
7161;42,39
7162;42,38
7163;42,38
7164;42,36
7165;42,35
7166;42,35
7167;42,34
7168;42,33
7169;42,32
7170;42,31
7171;42,31
7172;42,30
7173;42,29
7174;42,29
7175;42,25
7176;42,24
7177;42,24
7178;42,23
7179;42,22
7180;42,22
7181;42,21
7182;42,20
7183;42,20
7184;42,19
7185;42,18
7186;42,18
7187;42,17
7188;42,17
7189;42,16
7190;42,16
7191;42,15
7192;42,15
7193;42,14
7194;42,13
7195;42,13
7196;42,13
7197;42,12
7198;42,12
7199;42,12
7200;42,12
7201;42,11
7202;42,11
7203;42,11
7204;42,10
7205;42,10
7206;42,10
7207;42,08
7208;42,08
7209;42,07
7210;42,07
7211;42,07
7212;42,06
7213;42,06
7214;42,05
7215;42,04
7216;42,04
7217;42,03
7218;42,03
7219;42,02
7220;42,01
7221;42,01
7222;42,00
7223;42,00
7224;41,99
7225;41,99
7226;41,99
7227;41,98
7228;41,98
7229;41,97
7230;41,96
7231;41,95
7232;41,94
7233;41,94
7234;41,92
7235;41,91
7236;41,91
7237;41,91
7238;41,91
7239;41,90
7240;41,90
7241;41,90
7242;41,90
7243;41,89
7244;41,88
7245;41,88
7246;41,88
7247;41,87
7248;41,87
7249;41,86
7250;41,86
7251;41,85
7252;41,84
7253;41,83
7254;41,83
7255;41,82
7256;41,82
7257;41,81
7258;41,80
7259;41,78
7260;41,78
7261;41,78
7262;41,77
7263;41,76
7264;41,75
7265;41,73
7266;41,72
7267;41,72
7268;41,72
7269;41,72
7270;41,71
7271;41,70
7272;41,69
7273;41,68
7274;41,67
7275;41,67
7276;41,66
7277;41,65
7278;41,64
7279;41,64
7280;41,63
7281;41,62
7282;41,62
7283;41,62
7284;41,61
7285;41,61
7286;41,61
7287;41,60
7288;41,60
7289;41,57
7290;41,57
7291;41,56
7292;41,55
7293;41,55
7294;41,55
7295;41,55
7296;41,54
7297;41,54
7298;41,53
7299;41,52
7300;41,52
7301;41,52
7302;41,51
7303;41,51
7304;41,50
7305;41,50
7306;41,50
7307;41,50
7308;41,49
7309;41,49
7310;41,48
7311;41,48
7312;41,48
7313;41,48
7314;41,48
7315;41,46
7316;41,45
7317;41,43
7318;41,43
7319;41,42
7320;41,42
7321;41,42
7322;41,42
7323;41,41
7324;41,41
7325;41,41
7326;41,41
7327;41,41
7328;41,41
7329;41,39
7330;41,39
7331;41,38
7332;41,38
7333;41,38
7334;41,36
7335;41,35
7336;41,35
7337;41,35
7338;41,35
7339;41,34
7340;41,33
7341;41,33
7342;41,33
7343;41,33
7344;41,33
7345;41,32
7346;41,32
7347;41,32
7348;41,31
7349;41,31
7350;41,30
7351;41,30
7352;41,29
7353;41,29
7354;41,29
7355;41,28
7356;41,28
7357;41,28
7358;41,28
7359;41,27
7360;41,26
7361;41,26
7362;41,25
7363;41,25
7364;41,25
7365;41,24
7366;41,24
7367;41,23
7368;41,23
7369;41,23
7370;41,22
7371;41,21
7372;41,20
7373;41,19
7374;41,19
7375;41,18
7376;41,18
7377;41,18
7378;41,18
7379;41,17
7380;41,17
7381;41,17
7382;41,16
7383;41,15
7384;41,15
7385;41,15
7386;41,15
7387;41,14
7388;41,14
7389;41,13
7390;41,13
7391;41,13
7392;41,13
7393;41,12
7394;41,12
7395;41,11
7396;41,11
7397;41,09
7398;41,09
7399;41,09
7400;41,08
7401;41,08
7402;41,07
7403;41,07
7404;41,07
7405;41,07
7406;41,07
7407;41,07
7408;41,06
7409;41,05
7410;41,05
7411;41,05
7412;41,05
7413;41,04
7414;41,03
7415;41,03
7416;41,02
7417;41,02
7418;41,01
7419;41,00
7420;41,00
7421;41,00
7422;41,00
7423;40,99
7424;40,99
7425;40,99
7426;40,99
7427;40,99
7428;40,99
7429;40,98
7430;40,98
7431;40,97
7432;40,97
7433;40,97
7434;40,97
7435;40,95
7436;40,95
7437;40,94
7438;40,94
7439;40,94
7440;40,93
7441;40,93
7442;40,93
7443;40,92
7444;40,92
7445;40,92
7446;40,91
7447;40,91
7448;40,91
7449;40,90
7450;40,90
7451;40,90
7452;40,90
7453;40,90
7454;40,87
7455;40,87
7456;40,87
7457;40,87
7458;40,87
7459;40,86
7460;40,86
7461;40,86
7462;40,86
7463;40,85
7464;40,84
7465;40,84
7466;40,83
7467;40,82
7468;40,81
7469;40,81
7470;40,80
7471;40,79
7472;40,79
7473;40,79
7474;40,78
7475;40,77
7476;40,75
7477;40,74
7478;40,74
7479;40,74
7480;40,74
7481;40,74
7482;40,72
7483;40,72
7484;40,72
7485;40,71
7486;40,71
7487;40,71
7488;40,70
7489;40,70
7490;40,70
7491;40,69
7492;40,69
7493;40,68
7494;40,68
7495;40,68
7496;40,68
7497;40,68
7498;40,68
7499;40,68
7500;40,67
7501;40,67
7502;40,67
7503;40,67
7504;40,67
7505;40,67
7506;40,67
7507;40,67
7508;40,66
7509;40,66
7510;40,65
7511;40,65
7512;40,64
7513;40,63
7514;40,63
7515;40,62
7516;40,61
7517;40,59
7518;40,59
7519;40,59
7520;40,59
7521;40,58
7522;40,58
7523;40,58
7524;40,57
7525;40,57
7526;40,57
7527;40,56
7528;40,56
7529;40,55
7530;40,54
7531;40,54
7532;40,54
7533;40,54
7534;40,54
7535;40,54
7536;40,54
7537;40,51
7538;40,50
7539;40,50
7540;40,49
7541;40,49
7542;40,49
7543;40,49
7544;40,49
7545;40,48
7546;40,48
7547;40,47
7548;40,47
7549;40,47
7550;40,46
7551;40,46
7552;40,46
7553;40,46
7554;40,46
7555;40,46
7556;40,44
7557;40,44
7558;40,44
7559;40,44
7560;40,43
7561;40,43
7562;40,43
7563;40,42
7564;40,42
7565;40,42
7566;40,40
7567;40,40
7568;40,39
7569;40,39
7570;40,38
7571;40,38
7572;40,38
7573;40,37
7574;40,37
7575;40,36
7576;40,36
7577;40,36
7578;40,35
7579;40,35
7580;40,34
7581;40,34
7582;40,34
7583;40,33
7584;40,33
7585;40,32
7586;40,32
7587;40,32
7588;40,31
7589;40,31
7590;40,31
7591;40,31
7592;40,30
7593;40,30
7594;40,29
7595;40,29
7596;40,29
7597;40,29
7598;40,29
7599;40,29
7600;40,26
7601;40,26
7602;40,26
7603;40,26
7604;40,25
7605;40,24
7606;40,24
7607;40,24
7608;40,24
7609;40,24
7610;40,23
7611;40,22
7612;40,22
7613;40,21
7614;40,21
7615;40,20
7616;40,19
7617;40,19
7618;40,18
7619;40,18
7620;40,18
7621;40,18
7622;40,16
7623;40,16
7624;40,16
7625;40,16
7626;40,16
7627;40,16
7628;40,15
7629;40,15
7630;40,15
7631;40,14
7632;40,14
7633;40,14
7634;40,13
7635;40,13
7636;40,13
7637;40,11
7638;40,10
7639;40,09
7640;40,09
7641;40,09
7642;40,09
7643;40,08
7644;40,08
7645;40,08
7646;40,07
7647;40,06
7648;40,06
7649;40,05
7650;40,05
7651;40,04
7652;40,04
7653;40,03
7654;40,02
7655;40,02
7656;40,02
7657;40,01
7658;40,01
7659;40,01
7660;40,01
7661;40,00
7662;40,00
7663;40,00
7664;40,00
7665;39,99
7666;39,99
7667;39,99
7668;39,98
7669;39,98
7670;39,98
7671;39,98
7672;39,97
7673;39,97
7674;39,97
7675;39,97
7676;39,96
7677;39,95
7678;39,95
7679;39,95
7680;39,94
7681;39,94
7682;39,94
7683;39,93
7684;39,92
7685;39,92
7686;39,91
7687;39,90
7688;39,90
7689;39,90
7690;39,88
7691;39,88
7692;39,88
7693;39,87
7694;39,87
7695;39,86
7696;39,86
7697;39,86
7698;39,86
7699;39,85
7700;39,85
7701;39,85
7702;39,84
7703;39,84
7704;39,83
7705;39,82
7706;39,81
7707;39,81
7708;39,81
7709;39,81
7710;39,80
7711;39,79
7712;39,79
7713;39,79
7714;39,78
7715;39,78
7716;39,78
7717;39,78
7718;39,76
7719;39,76
7720;39,75
7721;39,75
7722;39,75
7723;39,73
7724;39,72
7725;39,72
7726;39,72
7727;39,71
7728;39,70
7729;39,70
7730;39,70
7731;39,70
7732;39,69
7733;39,68
7734;39,68
7735;39,68
7736;39,68
7737;39,67
7738;39,66
7739;39,64
7740;39,64
7741;39,63
7742;39,62
7743;39,62
7744;39,61
7745;39,61
7746;39,61
7747;39,61
7748;39,61
7749;39,61
7750;39,60
7751;39,59
7752;39,59
7753;39,58
7754;39,58
7755;39,58
7756;39,57
7757;39,57
7758;39,57
7759;39,56
7760;39,56
7761;39,55
7762;39,55
7763;39,55
7764;39,54
7765;39,54
7766;39,53
7767;39,52
7768;39,52
7769;39,52
7770;39,52
7771;39,51
7772;39,51
7773;39,50
7774;39,50
7775;39,50
7776;39,50
7777;39,49
7778;39,49
7779;39,49
7780;39,49
7781;39,48
7782;39,47
7783;39,46
7784;39,46
7785;39,46
7786;39,45
7787;39,44
7788;39,44
7789;39,43
7790;39,42
7791;39,42
7792;39,42
7793;39,41
7794;39,40
7795;39,40
7796;39,40
7797;39,40
7798;39,39
7799;39,38
7800;39,38
7801;39,38
7802;39,38
7803;39,37
7804;39,36
7805;39,35
7806;39,34
7807;39,34
7808;39,32
7809;39,32
7810;39,29
7811;39,29
7812;39,29
7813;39,29
7814;39,29
7815;39,29
7816;39,27
7817;39,27
7818;39,27
7819;39,27
7820;39,27
7821;39,27
7822;39,26
7823;39,26
7824;39,25
7825;39,25
7826;39,25
7827;39,24
7828;39,24
7829;39,24
7830;39,24
7831;39,23
7832;39,22
7833;39,20
7834;39,20
7835;39,20
7836;39,20
7837;39,19
7838;39,19
7839;39,19
7840;39,19
7841;39,18
7842;39,18
7843;39,18
7844;39,18
7845;39,17
7846;39,17
7847;39,16
7848;39,15
7849;39,15
7850;39,15
7851;39,14
7852;39,14
7853;39,14
7854;39,14
7855;39,13
7856;39,13
7857;39,12
7858;39,12
7859;39,12
7860;39,11
7861;39,10
7862;39,10
7863;39,10
7864;39,07
7865;39,07
7866;39,05
7867;39,04
7868;39,03
7869;39,02
7870;39,02
7871;39,02
7872;39,02
7873;39,01
7874;39,01
7875;39,01
7876;39,01
7877;38,99
7878;38,98
7879;38,98
7880;38,97
7881;38,96
7882;38,96
7883;38,96
7884;38,95
7885;38,95
7886;38,95
7887;38,94
7888;38,94
7889;38,93
7890;38,93
7891;38,93
7892;38,92
7893;38,91
7894;38,91
7895;38,91
7896;38,89
7897;38,88
7898;38,88
7899;38,87
7900;38,87
7901;38,87
7902;38,87
7903;38,87
7904;38,87
7905;38,87
7906;38,86
7907;38,85
7908;38,85
7909;38,85
7910;38,85
7911;38,85
7912;38,84
7913;38,84
7914;38,84
7915;38,84
7916;38,82
7917;38,82
7918;38,81
7919;38,81
7920;38,81
7921;38,81
7922;38,80
7923;38,80
7924;38,79
7925;38,79
7926;38,79
7927;38,78
7928;38,78
7929;38,78
7930;38,78
7931;38,78
7932;38,77
7933;38,77
7934;38,76
7935;38,76
7936;38,74
7937;38,73
7938;38,71
7939;38,71
7940;38,71
7941;38,71
7942;38,71
7943;38,70
7944;38,70
7945;38,70
7946;38,69
7947;38,69
7948;38,69
7949;38,69
7950;38,67
7951;38,66
7952;38,66
7953;38,65
7954;38,65
7955;38,64
7956;38,64
7957;38,64
7958;38,62
7959;38,62
7960;38,61
7961;38,60
7962;38,58
7963;38,57
7964;38,56
7965;38,56
7966;38,54
7967;38,54
7968;38,53
7969;38,52
7970;38,52
7971;38,52
7972;38,51
7973;38,51
7974;38,51
7975;38,51
7976;38,50
7977;38,50
7978;38,50
7979;38,49
7980;38,49
7981;38,48
7982;38,48
7983;38,48
7984;38,47
7985;38,47
7986;38,46
7987;38,46
7988;38,46
7989;38,45
7990;38,45
7991;38,45
7992;38,43
7993;38,43
7994;38,42
7995;38,41
7996;38,41
7997;38,41
7998;38,41
7999;38,40
8000;38,40
8001;38,40
8002;38,40
8003;38,39
8004;38,39
8005;38,39
8006;38,38
8007;38,38
8008;38,38
8009;38,38
8010;38,37
8011;38,37
8012;38,37
8013;38,36
8014;38,36
8015;38,36
8016;38,36
8017;38,36
8018;38,35
8019;38,35
8020;38,34
8021;38,33
8022;38,33
8023;38,32
8024;38,32
8025;38,31
8026;38,31
8027;38,31
8028;38,31
8029;38,30
8030;38,29
8031;38,28
8032;38,28
8033;38,27
8034;38,27
8035;38,26
8036;38,26
8037;38,26
8038;38,25
8039;38,25
8040;38,25
8041;38,25
8042;38,24
8043;38,23
8044;38,23
8045;38,22
8046;38,22
8047;38,22
8048;38,22
8049;38,22
8050;38,22
8051;38,21
8052;38,21
8053;38,21
8054;38,21
8055;38,20
8056;38,20
8057;38,20
8058;38,18
8059;38,18
8060;38,18
8061;38,16
8062;38,16
8063;38,16
8064;38,16
8065;38,15
8066;38,15
8067;38,15
8068;38,14
8069;38,14
8070;38,14
8071;38,14
8072;38,13
8073;38,13
8074;38,11
8075;38,11
8076;38,11
8077;38,09
8078;38,08
8079;38,06
8080;38,06
8081;38,06
8082;38,05
8083;38,05
8084;38,04
8085;38,04
8086;38,04
8087;38,04
8088;38,03
8089;38,03
8090;38,03
8091;38,02
8092;38,02
8093;38,02
8094;38,02
8095;38,00
8096;37,99
8097;37,98
8098;37,98
8099;37,98
8100;37,97
8101;37,96
8102;37,95
8103;37,95
8104;37,94
8105;37,93
8106;37,93
8107;37,93
8108;37,93
8109;37,93
8110;37,92
8111;37,92
8112;37,92
8113;37,92
8114;37,91
8115;37,91
8116;37,91
8117;37,91
8118;37,90
8119;37,88
8120;37,88
8121;37,88
8122;37,88
8123;37,87
8124;37,87
8125;37,87
8126;37,86
8127;37,85
8128;37,84
8129;37,84
8130;37,82
8131;37,82
8132;37,81
8133;37,79
8134;37,79
8135;37,78
8136;37,78
8137;37,77
8138;37,77
8139;37,76
8140;37,75
8141;37,75
8142;37,75
8143;37,75
8144;37,74
8145;37,74
8146;37,73
8147;37,71
8148;37,71
8149;37,70
8150;37,70
8151;37,70
8152;37,70
8153;37,69
8154;37,65
8155;37,65
8156;37,65
8157;37,64
8158;37,64
8159;37,64
8160;37,64
8161;37,64
8162;37,62
8163;37,62
8164;37,62
8165;37,61
8166;37,61
8167;37,60
8168;37,59
8169;37,58
8170;37,58
8171;37,58
8172;37,57
8173;37,57
8174;37,57
8175;37,56
8176;37,56
8177;37,55
8178;37,54
8179;37,53
8180;37,52
8181;37,52
8182;37,52
8183;37,52
8184;37,51
8185;37,51
8186;37,51
8187;37,50
8188;37,49
8189;37,48
8190;37,47
8191;37,47
8192;37,46
8193;37,46
8194;37,45
8195;37,45
8196;37,45
8197;37,45
8198;37,44
8199;37,44
8200;37,44
8201;37,43
8202;37,43
8203;37,42
8204;37,42
8205;37,41
8206;37,40
8207;37,40
8208;37,40
8209;37,39
8210;37,39
8211;37,39
8212;37,38
8213;37,38
8214;37,38
8215;37,37
8216;37,37
8217;37,37
8218;37,36
8219;37,36
8220;37,36
8221;37,35
8222;37,34
8223;37,33
8224;37,33
8225;37,33
8226;37,32
8227;37,32
8228;37,31
8229;37,31
8230;37,31
8231;37,30
8232;37,30
8233;37,29
8234;37,29
8235;37,28
8236;37,25
8237;37,25
8238;37,24
8239;37,24
8240;37,23
8241;37,22
8242;37,22
8243;37,21
8244;37,17
8245;37,17
8246;37,17
8247;37,16
8248;37,16
8249;37,16
8250;37,16
8251;37,15
8252;37,15
8253;37,14
8254;37,14
8255;37,14
8256;37,14
8257;37,13
8258;37,10
8259;37,10
8260;37,08
8261;37,07
8262;37,07
8263;37,07
8264;37,07
8265;37,06
8266;37,05
8267;37,05
8268;37,05
8269;37,04
8270;37,04
8271;37,01
8272;37,01
8273;37,01
8274;37,01
8275;37,01
8276;37,00
8277;37,00
8278;37,00
8279;36,96
8280;36,96
8281;36,95
8282;36,94
8283;36,93
8284;36,93
8285;36,92
8286;36,92
8287;36,92
8288;36,91
8289;36,91
8290;36,90
8291;36,90
8292;36,90
8293;36,88
8294;36,87
8295;36,87
8296;36,86
8297;36,86
8298;36,85
8299;36,85
8300;36,85
8301;36,85
8302;36,82
8303;36,81
8304;36,80
8305;36,80
8306;36,79
8307;36,79
8308;36,79
8309;36,78
8310;36,78
8311;36,76
8312;36,75
8313;36,75
8314;36,74
8315;36,74
8316;36,74
8317;36,73
8318;36,72
8319;36,72
8320;36,72
8321;36,71
8322;36,68
8323;36,67
8324;36,66
8325;36,65
8326;36,65
8327;36,65
8328;36,63
8329;36,62
8330;36,62
8331;36,62
8332;36,61
8333;36,61
8334;36,60
8335;36,60
8336;36,59
8337;36,58
8338;36,58
8339;36,57
8340;36,57
8341;36,57
8342;36,56
8343;36,56
8344;36,56
8345;36,55
8346;36,55
8347;36,55
8348;36,54
8349;36,54
8350;36,52
8351;36,52
8352;36,50
8353;36,49
8354;36,48
8355;36,48
8356;36,48
8357;36,47
8358;36,47
8359;36,46
8360;36,46
8361;36,45
8362;36,44
8363;36,43
8364;36,43
8365;36,41
8366;36,40
8367;36,40
8368;36,40
8369;36,39
8370;36,38
8371;36,38
8372;36,38
8373;36,37
8374;36,37
8375;36,37
8376;36,37
8377;36,36
8378;36,36
8379;36,36
8380;36,35
8381;36,35
8382;36,34
8383;36,34
8384;36,34
8385;36,33
8386;36,32
8387;36,31
8388;36,31
8389;36,30
8390;36,30
8391;36,29
8392;36,28
8393;36,27
8394;36,25
8395;36,22
8396;36,22
8397;36,22
8398;36,20
8399;36,20
8400;36,19
8401;36,15
8402;36,15
8403;36,14
8404;36,14
8405;36,14
8406;36,13
8407;36,12
8408;36,12
8409;36,12
8410;36,11
8411;36,09
8412;36,07
8413;36,07
8414;36,07
8415;36,07
8416;36,06
8417;36,06
8418;36,06
8419;36,04
8420;36,04
8421;36,03
8422;36,02
8423;36,02
8424;36,02
8425;36,01
8426;36,00
8427;35,99
8428;35,99
8429;35,98
8430;35,97
8431;35,94
8432;35,93
8433;35,93
8434;35,92
8435;35,92
8436;35,92
8437;35,91
8438;35,91
8439;35,91
8440;35,91
8441;35,88
8442;35,87
8443;35,87
8444;35,86
8445;35,86
8446;35,86
8447;35,85
8448;35,83
8449;35,82
8450;35,82
8451;35,80
8452;35,79
8453;35,79
8454;35,78
8455;35,77
8456;35,77
8457;35,76
8458;35,76
8459;35,75
8460;35,74
8461;35,74
8462;35,74
8463;35,74
8464;35,74
8465;35,73
8466;35,71
8467;35,71
8468;35,70
8469;35,70
8470;35,68
8471;35,68
8472;35,68
8473;35,67
8474;35,65
8475;35,64
8476;35,63
8477;35,63
8478;35,61
8479;35,61
8480;35,59
8481;35,58
8482;35,57
8483;35,57
8484;35,56
8485;35,55
8486;35,55
8487;35,54
8488;35,53
8489;35,53
8490;35,52
8491;35,51
8492;35,51
8493;35,50
8494;35,50
8495;35,48
8496;35,48
8497;35,48
8498;35,48
8499;35,46
8500;35,46
8501;35,44
8502;35,43
8503;35,42
8504;35,41
8505;35,41
8506;35,41
8507;35,39
8508;35,38
8509;35,37
8510;35,37
8511;35,35
8512;35,34
8513;35,30
8514;35,29
8515;35,29
8516;35,29
8517;35,28
8518;35,27
8519;35,27
8520;35,26
8521;35,26
8522;35,25
8523;35,24
8524;35,23
8525;35,23
8526;35,23
8527;35,23
8528;35,20
8529;35,20
8530;35,20
8531;35,19
8532;35,19
8533;35,18
8534;35,17
8535;35,16
8536;35,16
8537;35,16
8538;35,16
8539;35,15
8540;35,15
8541;35,14
8542;35,13
8543;35,13
8544;35,12
8545;35,11
8546;35,09
8547;35,07
8548;35,07
8549;35,06
8550;35,05
8551;35,04
8552;35,04
8553;35,04
8554;35,02
8555;35,02
8556;35,02
8557;35,02
8558;35,00
8559;35,00
8560;35,00
8561;35,00
8562;35,00
8563;34,99
8564;34,99
8565;34,98
8566;34,98
8567;34,98
8568;34,97
8569;34,93
8570;34,92
8571;34,90
8572;34,88
8573;34,88
8574;34,87
8575;34,86
8576;34,85
8577;34,85
8578;34,84
8579;34,84
8580;34,81
8581;34,80
8582;34,77
8583;34,75
8584;34,75
8585;34,75
8586;34,74
8587;34,74
8588;34,73
8589;34,72
8590;34,72
8591;34,72
8592;34,71
8593;34,71
8594;34,71
8595;34,71
8596;34,69
8597;34,69
8598;34,69
8599;34,68
8600;34,68
8601;34,68
8602;34,67
8603;34,67
8604;34,63
8605;34,62
8606;34,62
8607;34,62
8608;34,62
8609;34,61
8610;34,61
8611;34,60
8612;34,60
8613;34,59
8614;34,58
8615;34,58
8616;34,56
8617;34,55
8618;34,55
8619;34,53
8620;34,53
8621;34,53
8622;34,52
8623;34,52
8624;34,51
8625;34,50
8626;34,47
8627;34,47
8628;34,47
8629;34,45
8630;34,44
8631;34,41
8632;34,41
8633;34,41
8634;34,40
8635;34,37
8636;34,35
8637;34,34
8638;34,34
8639;34,32
8640;34,31
8641;34,30
8642;34,30
8643;34,29
8644;34,28
8645;34,28
8646;34,28
8647;34,26
8648;34,26
8649;34,23
8650;34,21
8651;34,19
8652;34,18
8653;34,18
8654;34,17
8655;34,16
8656;34,15
8657;34,14
8658;34,14
8659;34,12
8660;34,12
8661;34,12
8662;34,11
8663;34,10
8664;34,09
8665;34,08
8666;34,07
8667;34,05
8668;34,05
8669;34,04
8670;34,04
8671;34,04
8672;34,01
8673;34,01
8674;34,00
8675;33,97
8676;33,92
8677;33,92
8678;33,91
8679;33,91
8680;33,90
8681;33,88
8682;33,87
8683;33,87
8684;33,87
8685;33,85
8686;33,85
8687;33,82
8688;33,81
8689;33,80
8690;33,80
8691;33,78
8692;33,77
8693;33,77
8694;33,74
8695;33,72
8696;33,71
8697;33,71
8698;33,70
8699;33,66
8700;33,66
8701;33,66
8702;33,65
8703;33,56
8704;33,56
8705;33,56
8706;33,55
8707;33,54
8708;33,54
8709;33,53
8710;33,51
8711;33,50
8712;33,49
8713;33,49
8714;33,48
8715;33,46
8716;33,45
8717;33,41
8718;33,40
8719;33,37
8720;33,37
8721;33,36
8722;33,31
8723;33,31
8724;33,30
8725;33,26
8726;33,25
8727;33,21
8728;33,17
8729;33,14
8730;33,14
8731;33,14
8732;33,10
8733;33,08
8734;33,06
8735;33,05
8736;33,03
8737;33,01
8738;32,98
8739;32,97
8740;32,93
8741;32,93
8742;32,93
8743;32,90
8744;32,90
8745;32,90
8746;32,83
8747;32,83
8748;32,75
8749;32,73
8750;32,64
8751;32,63
8752;32,52
8753;32,49
8754;32,37
8755;32,26
8756;32,22
8757;32,06
8758;31,95
8759;31,79
8760;31,78
