Hours;Heat demand [kWh / h]
1,00;201.171,31
25,00;345.619,77
49,00;331.762,54
73,00;370.703,11
97,00;382.455,45
121,00;434.113,10
145,00;403.241,29
169,00;444.549,87
193,00;476.737,23
217,00;456.302,20
241,00;424.377,95
265,00;587.858,18
289,00;522.869,53
313,00;506.030,36
337,00;555.583,11
361,00;492.085,43
385,00;412.888,73
409,00;363.335,98
433,00;323.342,96
457,00;338.603,46
481,00;262.564,10
505,00;247.654,42
529,00;314.660,27
553,00;464.283,27
577,00;395.084,82
601,00;291.594,12
625,00;300.452,22
649,00;354.740,99
673,00;307.643,95
697,00;276.684,44
721,00;224.675,98
745,00;206.407,61
769,00;228.615,14
793,00;302.856,36
817,00;416.892,83
841,00;336.735,00
865,00;361.536,11
889,00;328.305,87
913,00;406.842,71
937,00;428.077,64
961,00;389.336,04
985,00;370.775,74
1.009,00;396.306,29
1.033,00;311.204,45
1.057,00;469.007,57
1.081,00;449.474,68
1.105,00;353.431,17
1.129,00;294.994,57
1.153,00;378.637,52
1.177,00;317.931,55
1.201,00;264.682,11
1.225,00;176.095,15
1.249,00;189.144,09
1.273,00;279.027,85
1.297,00;271.895,50
1.321,00;287.943,28
1.345,00;343.543,15
1.369,00;259.413,90
1.393,00;248.958,53
1.417,00;189.563,41
1.441,00;195.274,79
1.465,00;229.048,85
1.489,00;249.423,11
1.513,00;242.448,63
1.537,00;218.010,50
1.561,00;222.843,21
1.585,00;285.229,10
1.609,00;267.381,02
1.633,00;235.474,15
1.657,00;206.532,81
1.681,00;211.804,86
1.705,00;200.656,67
1.729,00;183.961,86
1.753,00;172.648,92
1.777,00;163.752,34
1.801,00;84.177,56
1.825,00;141.016,63
1.849,00;147.441,94
1.873,00;177.811,13
1.897,00;168.200,63
1.921,00;132.888,89
1.945,00;154.361,50
1.969,00;138.106,02
1.993,00;150.956,64
2.017,00;159.578,64
2.041,00;113.722,80
2.065,00;105.759,84
2.089,00;130.637,29
2.113,00;122.015,30
2.137,00;94.721,47
2.161,00;59.746,91
2.185,00;55.676,91
2.209,00;79.839,90
2.233,00;48.650,79
2.257,00;24.744,80
2.281,00;30.678,41
2.305,00;19.234,95
2.329,00;21.703,03
2.353,00;27.936,52
2.377,00;4.026,75
2.401,00;1.234,21
2.425,00;32.777,78
2.449,00;35.583,95
2.473,00;38.025,95
2.497,00;45.351,95
2.521,00;51.628,32
2.545,00;40.960,62
2.569,00;61.867,60
2.593,00;72.299,67
2.617,00;66.194,66
2.641,00;68.957,98
2.665,00;58.033,23
2.689,00;49.657,58
2.713,00;64.116,82
2.737,00;46.551,52
2.761,00;47.322,68
2.785,00;43.124,15
2.809,00;53.813,27
2.833,00;75.619,94
2.857,00;84.638,22
2.881,00;0,00
2.905,00;0,00
2.929,00;0,00
2.953,00;0,00
2.977,00;0,00
3.001,00;0,00
3.025,00;0,00
3.049,00;0,00
3.073,00;0,00
3.097,00;0,00
3.121,00;0,00
3.145,00;0,00
3.169,00;0,00
3.193,00;0,00
3.217,00;0,00
3.241,00;0,00
3.265,00;0,00
3.289,00;0,00
3.313,00;0,00
3.337,00;0,00
3.361,00;0,00
3.385,00;0,00
3.409,00;0,00
3.433,00;0,00
3.457,00;0,00
3.481,00;0,00
3.505,00;0,00
3.529,00;0,00
3.553,00;0,00
3.577,00;0,00
3.601,00;0,00
3.625,00;0,00
3.649,00;0,00
3.673,00;0,00
3.697,00;0,00
3.721,00;0,00
3.745,00;0,00
3.769,00;0,00
3.793,00;0,00
3.817,00;0,00
3.841,00;0,00
3.865,00;0,00
3.889,00;0,00
3.913,00;0,00
3.937,00;0,00
3.961,00;0,00
3.985,00;0,00
4.009,00;0,00
4.033,00;0,00
4.057,00;0,00
4.081,00;0,00
4.105,00;0,00
4.129,00;0,00
4.153,00;0,00
4.177,00;0,00
4.201,00;0,00
4.225,00;0,00
4.249,00;0,00
4.273,00;0,00
4.297,00;0,00
4.321,00;0,00
4.345,00;0,00
4.369,00;0,00
4.393,00;0,00
4.417,00;0,00
4.441,00;0,00
4.465,00;0,00
4.489,00;0,00
4.513,00;0,00
4.537,00;0,00
4.561,00;0,00
4.585,00;0,00
4.609,00;0,00
4.633,00;0,00
4.657,00;0,00
4.681,00;0,00
4.705,00;0,00
4.729,00;0,00
4.753,00;0,00
4.777,00;0,00
4.801,00;0,00
4.825,00;0,00
4.849,00;0,00
4.873,00;0,00
4.897,00;0,00
4.921,00;0,00
4.945,00;0,00
4.969,00;0,00
4.993,00;0,00
5.017,00;0,00
5.041,00;0,00
5.065,00;0,00
5.089,00;0,00
5.113,00;0,00
5.137,00;0,00
5.161,00;0,00
5.185,00;0,00
5.209,00;0,00
5.233,00;0,00
5.257,00;0,00
5.281,00;0,00
5.305,00;0,00
5.329,00;0,00
5.353,00;0,00
5.377,00;0,00
5.401,00;0,00
5.425,00;0,00
5.449,00;0,00
5.473,00;0,00
5.497,00;0,00
5.521,00;0,00
5.545,00;0,00
5.569,00;0,00
5.593,00;0,00
5.617,00;0,00
5.641,00;0,00
5.665,00;0,00
5.689,00;0,00
5.713,00;0,00
5.737,00;0,00
5.761,00;0,00
5.785,00;0,00
5.809,00;0,00
5.833,00;0,00
5.857,00;0,00
5.881,00;0,00
5.905,00;0,00
5.929,00;0,00
5.953,00;0,00
5.977,00;0,00
6.001,00;0,00
6.025,00;0,00
6.049,00;0,00
6.073,00;0,00
6.097,00;0,00
6.121,00;0,00
6.145,00;0,00
6.169,00;0,00
6.193,00;0,00
6.217,00;0,00
6.241,00;0,00
6.265,00;0,00
6.289,00;0,00
6.313,00;0,00
6.337,00;0,00
6.361,00;0,00
6.385,00;0,00
6.409,00;0,00
6.433,00;0,00
6.457,00;0,00
6.481,00;0,00
6.505,00;0,00
6.529,00;0,00
6.553,00;149.177,30
6.577,00;168.139,59
6.601,00;139.778,60
6.625,00;113.890,95
6.649,00;105.316,70
6.673,00;93.664,55
6.697,00;83.675,58
6.721,00;101.304,39
6.745,00;78.549,43
6.769,00;44.197,66
6.793,00;6.532,39
6.817,00;55.080,30
6.841,00;60.411,70
6.865,00;68.711,08
6.889,00;71.349,30
6.913,00;108.504,56
6.937,00;91.191,17
6.961,00;98.116,53
6.985,00;124.333,95
7.009,00;75.416,55
7.033,00;86.244,49
7.057,00;119.607,12
7.081,00;145.000,10
7.105,00;130.215,01
7.129,00;176.548,95
7.153,00;201.007,55
7.177,00;185.837,72
7.201,00;217.056,79
7.225,00;155.553,02
7.249,00;134.447,17
7.273,00;160.060,00
7.297,00;345.480,54
7.321,00;336.186,32
7.345,00;322.840,77
7.369,00;316.167,99
7.393,00;266.837,12
7.417,00;273.907,08
7.441,00;259.846,59
7.465,00;202.810,25
7.489,00;181.520,91
7.513,00;156.974,63
7.537,00;143.708,52
7.561,00;209.165,27
7.585,00;236.730,19
7.609,00;243.800,15
7.633,00;294.402,03
7.657,00;254.524,26
7.681,00;251.505,62
7.705,00;287.014,32
7.729,00;170.876,25
7.753,00;194.389,84
7.777,00;229.819,10
7.801,00;223.702,39
7.825,00;216.950,18
7.849,00;308.939,15
7.873,00;258.575,58
7.897,00;280.579,86
7.921,00;302.266,38
7.945,00;357.078,46
7.969,00;384.961,13
7.993,00;371.536,14
8.017,00;375.881,93
8.041,00;429.523,03
8.065,00;288.693,02
8.089,00;295.508,81
8.113,00;359.860,42
8.137,00;390.929,77
8.161,00;367.738,40
8.185,00;344.104,45
8.209,00;406.862,76
8.233,00;352.867,60
8.257,00;437.046,94
8.281,00;328.437,00
8.305,00;383.405,85
8.329,00;312.326,97
8.353,00;274.353,33
8.377,00;209.470,61
8.401,00;302.413,11
8.425,00;230.626,10
8.449,00;249.480,14
8.473,00;263.288,74
8.497,00;446.164,16
8.521,00;337.731,25
8.545,00;421.379,50
8.569,00;513.436,82
8.593,00;539.195,17
8.617,00;486.881,82
8.641,00;472.896,19
8.665,00;459.707,21
8.689,00;399.161,81
8.713,00;320.647,54
8.737,00;414.121,13
1,00;72.301,75
25,00;124.130,99
49,00;119.158,91
73,00;133.131,09
97,00;137.347,92
121,00;155.883,08
145,00;144.806,04
169,00;159.627,88
193,00;171.176,96
217,00;163.844,71
241,00;152.390,04
265,00;211.048,02
289,00;187.729,58
313,00;181.687,56
337,00;199.467,47
361,00;176.684,01
385,00;148.267,61
409,00;130.487,70
433,00;116.137,89
457,00;121.613,48
481,00;94.329,96
505,00;88.980,26
529,00;113.022,48
553,00;166.708,37
577,00;141.879,43
601,00;104.746,16
625,00;107.924,52
649,00;127.403,75
673,00;110.504,97
697,00;99.396,45
721,00;80.735,41
745,00;74.953,74
769,00;83.008,50
793,00;109.936,11
817,00;151.297,62
841,00;122.224,03
865,00;131.219,50
889,00;119.166,75
913,00;147.652,40
937,00;155.354,40
961,00;141.302,65
985,00;134.570,75
1.009,00;143.830,79
1.033,00;112.963,99
1.057,00;170.199,86
1.081,00;163.115,19
1.105,00;128.279,81
1.129,00;107.084,60
1.153,00;137.422,26
1.177,00;115.403,94
1.201,00;96.090,14
1.225,00;63.959,28
1.249,00;68.692,19
1.273,00;101.293,40
1.297,00;98.706,47
1.321,00;104.527,07
1.345,00;124.693,38
1.369,00;94.179,34
1.393,00;90.387,14
1.417,00;72.785,62
1.441,00;74.979,42
1.465,00;87.952,37
1.489,00;95.778,33
1.513,00;93.099,36
1.537,00;83.712,43
1.561,00;85.568,72
1.585,00;109.531,77
1.609,00;102.676,15
1.633,00;90.420,40
1.657,00;79.303,73
1.681,00;81.328,78
1.705,00;77.046,65
1.729,00;70.634,00
1.753,00;66.288,59
1.777,00;62.871,32
1.801,00;32.307,76
1.825,00;54.138,31
1.849,00;56.606,34
1.873,00;68.271,45
1.897,00;64.579,96
1.921,00;51.016,36
1.945,00;59.264,21
1.969,00;53.020,32
1.993,00;57.956,37
2.017,00;61.268,16
2.041,00;43.654,48
2.065,00;40.596,06
2.089,00;50.151,50
2.113,00;46.839,71
2.137,00;36.355,94
2.161,00;24.956,62
2.185,00;23.250,44
2.209,00;33.379,75
2.233,00;20.305,04
2.257,00;10.282,27
2.281,00;12.768,78
2.305,00;7.995,66
2.329,00;9.007,60
2.353,00;11.619,78
2.377,00;1.173,50
2.401,00;858,93
2.425,00;13.651,24
2.449,00;14.827,75
2.473,00;15.851,36
2.497,00;18.922,20
2.521,00;21.553,25
2.545,00;17.081,27
2.569,00;25.845,63
2.593,00;30.218,83
2.617,00;27.659,57
2.641,00;28.817,97
2.665,00;24.238,23
2.689,00;20.727,10
2.713,00;26.788,52
2.737,00;19.425,01
2.761,00;19.748,29
2.785,00;17.988,32
2.809,00;22.469,19
2.833,00;31.610,71
2.857,00;35.391,24
2.881,00;0,00
2.905,00;0,00
2.929,00;0,00
2.953,00;0,00
2.977,00;0,00
3.001,00;0,00
3.025,00;0,00
3.049,00;0,00
3.073,00;0,00
3.097,00;0,00
3.121,00;0,00
3.145,00;0,00
3.169,00;0,00
3.193,00;0,00
3.217,00;0,00
3.241,00;0,00
3.265,00;0,00
3.289,00;0,00
3.313,00;0,00
3.337,00;0,00
3.361,00;0,00
3.385,00;0,00
3.409,00;0,00
3.433,00;0,00
3.457,00;0,00
3.481,00;0,00
3.505,00;0,00
3.529,00;0,00
3.553,00;0,00
3.577,00;0,00
3.601,00;0,00
3.625,00;0,00
3.649,00;0,00
3.673,00;0,00
3.697,00;0,00
3.721,00;0,00
3.745,00;0,00
3.769,00;0,00
3.793,00;0,00
3.817,00;0,00
3.841,00;0,00
3.865,00;0,00
3.889,00;0,00
3.913,00;0,00
3.937,00;0,00
3.961,00;0,00
3.985,00;0,00
4.009,00;0,00
4.033,00;0,00
4.057,00;0,00
4.081,00;0,00
4.105,00;0,00
4.129,00;0,00
4.153,00;0,00
4.177,00;0,00
4.201,00;0,00
4.225,00;0,00
4.249,00;0,00
4.273,00;0,00
4.297,00;0,00
4.321,00;0,00
4.345,00;0,00
4.369,00;0,00
4.393,00;0,00
4.417,00;0,00
4.441,00;0,00
4.465,00;0,00
4.489,00;0,00
4.513,00;0,00
4.537,00;0,00
4.561,00;0,00
4.585,00;0,00
4.609,00;0,00
4.633,00;0,00
4.657,00;0,00
4.681,00;0,00
4.705,00;0,00
4.729,00;0,00
4.753,00;0,00
4.777,00;0,00
4.801,00;0,00
4.825,00;0,00
4.849,00;0,00
4.873,00;0,00
4.897,00;0,00
4.921,00;0,00
4.945,00;0,00
4.969,00;0,00
4.993,00;0,00
5.017,00;0,00
5.041,00;0,00
5.065,00;0,00
5.089,00;0,00
5.113,00;0,00
5.137,00;0,00
5.161,00;0,00
5.185,00;0,00
5.209,00;0,00
5.233,00;0,00
5.257,00;0,00
5.281,00;0,00
5.305,00;0,00
5.329,00;0,00
5.353,00;0,00
5.377,00;0,00
5.401,00;0,00
5.425,00;0,00
5.449,00;0,00
5.473,00;0,00
5.497,00;0,00
5.521,00;0,00
5.545,00;0,00
5.569,00;0,00
5.593,00;0,00
5.617,00;0,00
5.641,00;0,00
5.665,00;0,00
5.689,00;0,00
5.713,00;0,00
5.737,00;0,00
5.761,00;0,00
5.785,00;0,00
5.809,00;0,00
5.833,00;0,00
5.857,00;0,00
5.881,00;0,00
5.905,00;0,00
5.929,00;0,00
5.953,00;0,00
5.977,00;0,00
6.001,00;0,00
6.025,00;0,00
6.049,00;0,00
6.073,00;0,00
6.097,00;0,00
6.121,00;0,00
6.145,00;0,00
6.169,00;0,00
6.193,00;0,00
6.217,00;0,00
6.241,00;0,00
6.265,00;0,00
6.289,00;0,00
6.313,00;0,00
6.337,00;0,00
6.361,00;0,00
6.385,00;0,00
6.409,00;0,00
6.433,00;0,00
6.457,00;0,00
6.481,00;0,00
6.505,00;0,00
6.529,00;0,00
6.553,00;57.504,30
6.577,00;64.807,68
6.601,00;53.884,36
6.625,00;43.913,66
6.649,00;40.611,26
6.673,00;36.124,29
6.697,00;32.292,19
6.721,00;39.065,91
6.745,00;30.296,23
6.769,00;17.070,77
6.793,00;2.234,70
6.817,00;21.260,59
6.841,00;23.313,19
6.865,00;26.508,46
6.889,00;27.524,18
6.913,00;41.839,08
6.937,00;35.170,77
6.961,00;37.838,10
6.985,00;47.935,81
7.009,00;29.090,07
7.033,00;33.265,54
7.057,00;46.115,26
7.081,00;55.895,44
7.105,00;50.200,92
7.129,00;68.046,57
7.153,00;77.466,88
7.177,00;71.624,17
7.201,00;83.648,29
7.225,00;59.959,93
7.249,00;51.830,95
7.273,00;61.695,81
7.297,00;126.192,21
7.321,00;122.800,14
7.345,00;117.929,49
7.369,00;115.494,17
7.393,00;97.490,15
7.417,00;100.070,44
7.441,00;94.938,86
7.465,00;74.122,63
7.489,00;66.352,78
7.513,00;57.394,26
7.537,00;52.552,60
7.561,00;76.441,98
7.585,00;86.502,20
7.609,00;89.082,48
7.633,00;107.550,37
7.657,00;92.996,40
7.681,00;91.894,70
7.705,00;104.854,12
7.729,00;62.467,85
7.753,00;71.049,48
7.777,00;83.979,90
7.801,00;81.747,51
7.825,00;79.283,20
7.849,00;112.855,90
7.873,00;94.474,99
7.897,00;102.505,77
7.921,00;110.420,57
7.945,00;130.425,03
7.969,00;140.601,21
7.993,00;135.701,57
8.017,00;134.956,00
8.041,00;154.197,31
8.065,00;103.680,93
8.089,00;106.125,78
8.113,00;129.209,00
8.137,00;140.353,72
8.161,00;132.034,87
8.185,00;123.557,27
8.209,00;146.068,96
8.233,00;126.700,65
8.257,00;156.896,17
8.281,00;117.937,28
8.305,00;137.654,86
8.329,00;112.158,54
8.353,00;98.537,21
8.377,00;75.263,48
8.401,00;108.602,39
8.425,00;82.852,05
8.449,00;89.615,09
8.473,00;94.568,29
8.497,00;160.166,56
8.521,00;121.271,17
8.545,00;151.276,18
8.569,00;184.297,57
8.593,00;193.537,21
8.617,00;174.772,17
8.641,00;169.755,46
8.665,00;165.024,51
8.689,00;143.306,60
8.713,00;115.143,16
8.737,00;148.672,57
1,00;141.880,74
25,00;244.837,05
49,00;234.960,25
73,00;262.715,32
97,00;271.091,85
121,00;307.911,08
145,00;285.907,06
169,00;315.349,94
193,00;338.291,63
217,00;323.726,47
241,00;300.972,31
265,00;417.493,60
289,00;371.172,64
313,00;359.170,44
337,00;394.489,40
361,00;349.231,13
385,00;292.783,31
409,00;257.464,36
433,00;228.959,15
457,00;239.836,14
481,00;185.638,73
505,00;175.011,79
529,00;222.770,52
553,00;329.415,01
577,00;280.093,49
601,00;206.330,02
625,00;212.643,67
649,00;251.338,24
673,00;217.769,61
697,00;195.703,07
721,00;158.633,80
745,00;145.975,02
769,00;161.814,24
793,00;214.765,82
817,00;296.100,83
841,00;238.929,31
865,00;256.618,38
889,00;232.917,34
913,00;288.932,71
937,00;304.078,25
961,00;276.446,32
985,00;263.208,42
1.009,00;281.417,75
1.033,00;220.719,98
1.057,00;333.270,99
1.081,00;319.339,41
1.105,00;250.837,64
1.129,00;209.158,50
1.153,00;268.815,74
1.177,00;225.518,00
1.201,00;187.538,54
1.225,00;124.355,05
1.249,00;133.662,04
1.273,00;197.770,45
1.297,00;192.683,39
1.321,00;204.129,26
1.345,00;243.785,14
1.369,00;183.781,06
1.393,00;176.323,90
1.417,00;136.853,08
1.441,00;140.989,95
1.465,00;165.453,17
1.489,00;180.210,66
1.513,00;175.158,91
1.537,00;157.457,88
1.561,00;160.958,30
1.585,00;206.145,66
1.609,00;193.217,94
1.633,00;170.107,15
1.657,00;149.144,36
1.681,00;152.963,01
1.705,00;144.888,15
1.729,00;132.795,76
1.753,00;124.601,58
1.777,00;118.157,61
1.801,00;60.667,51
1.825,00;101.689,68
1.849,00;106.343,66
1.873,00;128.340,67
1.897,00;121.379,59
1.921,00;95.802,59
1.945,00;111.355,64
1.969,00;99.581,46
1.993,00;108.889,42
2.017,00;115.134,51
2.041,00;81.920,21
2.065,00;76.170,61
2.089,00;94.171,71
2.113,00;87.926,63
2.137,00;68.162,00
2.161,00;46.493,17
2.185,00;43.335,16
2.209,00;62.083,75
2.233,00;37.883,44
2.257,00;19.268,04
2.281,00;23.822,21
2.305,00;14.995,78
2.329,00;16.933,41
2.353,00;21.717,76
2.377,00;4.222,90
2.401,00;630,09
2.425,00;25.583,05
2.449,00;27.767,97
2.473,00;29.657,92
2.497,00;35.326,85
2.521,00;40.193,77
2.545,00;31.916,46
2.569,00;48.138,65
2.593,00;56.233,13
2.617,00;51.496,12
2.641,00;53.640,24
2.665,00;45.163,48
2.689,00;38.664,63
2.713,00;49.883,87
2.737,00;36.254,57
2.761,00;36.852,93
2.785,00;33.599,69
2.809,00;41.889,12
2.833,00;58.809,40
2.857,00;65.806,88
2.881,00;0,00
2.905,00;0,00
2.929,00;0,00
2.953,00;0,00
2.977,00;0,00
3.001,00;0,00
3.025,00;0,00
3.049,00;0,00
3.073,00;0,00
3.097,00;0,00
3.121,00;0,00
3.145,00;0,00
3.169,00;0,00
3.193,00;0,00
3.217,00;0,00
3.241,00;0,00
3.265,00;0,00
3.289,00;0,00
3.313,00;0,00
3.337,00;0,00
3.361,00;0,00
3.385,00;0,00
3.409,00;0,00
3.433,00;0,00
3.457,00;0,00
3.481,00;0,00
3.505,00;0,00
3.529,00;0,00
3.553,00;0,00
3.577,00;0,00
3.601,00;0,00
3.625,00;0,00
3.649,00;0,00
3.673,00;0,00
3.697,00;0,00
3.721,00;0,00
3.745,00;0,00
3.769,00;0,00
3.793,00;0,00
3.817,00;0,00
3.841,00;0,00
3.865,00;0,00
3.889,00;0,00
3.913,00;0,00
3.937,00;0,00
3.961,00;0,00
3.985,00;0,00
4.009,00;0,00
4.033,00;0,00
4.057,00;0,00
4.081,00;0,00
4.105,00;0,00
4.129,00;0,00
4.153,00;0,00
4.177,00;0,00
4.201,00;0,00
4.225,00;0,00
4.249,00;0,00
4.273,00;0,00
4.297,00;0,00
4.321,00;0,00
4.345,00;0,00
4.369,00;0,00
4.393,00;0,00
4.417,00;0,00
4.441,00;0,00
4.465,00;0,00
4.489,00;0,00
4.513,00;0,00
4.537,00;0,00
4.561,00;0,00
4.585,00;0,00
4.609,00;0,00
4.633,00;0,00
4.657,00;0,00
4.681,00;0,00
4.705,00;0,00
4.729,00;0,00
4.753,00;0,00
4.777,00;0,00
4.801,00;0,00
4.825,00;0,00
4.849,00;0,00
4.873,00;0,00
4.897,00;0,00
4.921,00;0,00
4.945,00;0,00
4.969,00;0,00
4.993,00;0,00
5.017,00;0,00
5.041,00;0,00
5.065,00;0,00
5.089,00;0,00
5.113,00;0,00
5.137,00;0,00
5.161,00;0,00
5.185,00;0,00
5.209,00;0,00
5.233,00;0,00
5.257,00;0,00
5.281,00;0,00
5.305,00;0,00
5.329,00;0,00
5.353,00;0,00
5.377,00;0,00
5.401,00;0,00
5.425,00;0,00
5.449,00;0,00
5.473,00;0,00
5.497,00;0,00
5.521,00;0,00
5.545,00;0,00
5.569,00;0,00
5.593,00;0,00
5.617,00;0,00
5.641,00;0,00
5.665,00;0,00
5.689,00;0,00
5.713,00;0,00
5.737,00;0,00
5.761,00;0,00
5.785,00;0,00
5.809,00;0,00
5.833,00;0,00
5.857,00;0,00
5.881,00;0,00
5.905,00;0,00
5.929,00;0,00
5.953,00;0,00
5.977,00;0,00
6.001,00;0,00
6.025,00;0,00
6.049,00;0,00
6.073,00;0,00
6.097,00;0,00
6.121,00;0,00
6.145,00;0,00
6.169,00;0,00
6.193,00;0,00
6.217,00;0,00
6.241,00;0,00
6.265,00;0,00
6.289,00;0,00
6.313,00;0,00
6.337,00;0,00
6.361,00;0,00
6.385,00;0,00
6.409,00;0,00
6.433,00;0,00
6.457,00;0,00
6.481,00;0,00
6.505,00;0,00
6.529,00;0,00
6.553,00;105.798,29
6.577,00;119.248,34
6.601,00;99.131,74
6.625,00;80.769,49
6.649,00;74.687,73
6.673,00;66.486,22
6.697,00;59.366,01
6.721,00;71.841,77
6.745,00;55.304,80
6.769,00;31.312,92
6.793,00;6.305,69
6.817,00;38.913,55
6.841,00;42.637,09
6.865,00;48.433,53
6.889,00;50.276,10
6.913,00;76.948,90
6.937,00;64.668,41
6.961,00;69.580,60
6.985,00;88.176,77
7.009,00;53.116,74
7.033,00;61.159,70
7.057,00;84.824,00
7.081,00;102.835,37
7.105,00;92.348,23
7.129,00;125.213,14
7.153,00;142.561,76
7.177,00;131.801,72
7.201,00;153.945,58
7.225,00;110.320,62
7.249,00;95.350,13
7.273,00;113.517,45
7.297,00;243.561,43
7.321,00;236.982,46
7.345,00;227.535,73
7.369,00;222.812,37
7.393,00;187.893,22
7.417,00;192.897,74
7.441,00;182.944,94
7.465,00;142.571,43
7.489,00;127.501,65
7.513,00;110.126,42
7.537,00;100.735,93
7.561,00;147.069,87
7.585,00;166.581,86
7.609,00;171.586,37
7.633,00;207.405,21
7.657,00;179.177,49
7.681,00;177.040,73
7.705,00;202.175,77
7.729,00;119.966,76
7.753,00;136.610,99
7.777,00;161.689,80
7.801,00;157.360,05
7.825,00;152.580,46
7.849,00;217.695,39
7.873,00;182.045,25
7.897,00;197.621,10
7.921,00;212.972,03
7.945,00;251.771,08
7.969,00;271.507,99
7.993,00;262.005,03
8.017,00;266.189,29
8.041,00;304.388,58
8.065,00;204.099,67
8.089,00;208.953,38
8.113,00;254.779,93
8.137,00;276.905,26
8.161,00;260.390,05
8.185,00;243.559,67
8.209,00;288.251,59
8.233,00;249.800,15
8.257,00;309.746,57
8.281,00;232.402,45
8.305,00;271.547,27
8.329,00;220.930,06
8.353,00;193.887,98
8.377,00;147.683,22
8.401,00;213.870,12
8.425,00;162.748,62
8.449,00;176.175,10
8.473,00;186.008,59
8.497,00;316.239,19
8.521,00;239.021,14
8.545,00;298.589,35
8.569,00;364.145,90
8.593,00;382.489,13
8.617,00;345.235,36
8.641,00;335.275,80
8.665,00;325.883,57
8.689,00;282.767,53
8.713,00;226.855,36
8.737,00;293.420,47
1,00;12.223,97
25,00;20.757,42
49,00;19.938,79
73,00;22.239,24
97,00;22.933,52
121,00;25.985,26
145,00;24.161,47
169,00;26.601,82
193,00;28.503,32
217,00;27.296,10
241,00;25.410,14
265,00;35.067,91
289,00;31.228,64
313,00;30.233,84
337,00;33.161,23
361,00;29.410,03
385,00;24.731,40
409,00;21.804,02
433,00;19.441,39
457,00;20.342,92
481,00;15.850,82
505,00;14.970,01
529,00;18.928,45
553,00;27.767,59
577,00;23.679,62
601,00;17.565,79
625,00;18.089,10
649,00;21.296,26
673,00;18.513,96
697,00;16.684,99
721,00;13.612,53
745,00;12.547,56
769,00;13.862,47
793,00;18.258,28
817,00;25.010,37
841,00;20.264,23
865,00;21.732,70
889,00;19.765,14
913,00;24.415,30
937,00;25.672,62
961,00;23.378,73
985,00;22.279,78
1.009,00;23.791,44
1.033,00;18.752,57
1.057,00;28.096,08
1.081,00;26.939,54
1.105,00;21.252,81
1.129,00;17.792,79
1.153,00;22.745,28
1.177,00;19.150,88
1.201,00;15.997,99
1.225,00;10.752,77
1.249,00;11.525,39
1.273,00;16.847,40
1.297,00;16.425,09
1.321,00;17.375,28
1.345,00;20.667,34
1.369,00;15.686,06
1.393,00;15.067,00
1.417,00;11.552,06
1.441,00;11.891,54
1.465,00;13.899,07
1.489,00;15.110,12
1.513,00;14.695,56
1.537,00;13.242,95
1.561,00;13.530,21
1.585,00;17.238,43
1.609,00;16.177,54
1.633,00;14.280,99
1.657,00;12.560,72
1.681,00;12.874,09
1.705,00;12.211,44
1.729,00;11.219,10
1.753,00;10.546,66
1.777,00;10.017,84
1.801,00;5.304,12
1.825,00;8.666,43
1.849,00;9.048,35
1.873,00;10.853,50
1.897,00;10.282,25
1.921,00;8.183,32
1.945,00;9.459,65
1.969,00;8.493,43
1.993,00;9.257,27
2.017,00;9.769,76
2.041,00;7.044,09
2.065,00;6.572,76
2.089,00;8.049,48
2.113,00;7.536,99
2.137,00;5.915,18
2.161,00;3.690,16
2.185,00;3.452,21
2.209,00;4.864,87
2.233,00;3.041,44
2.257,00;1.637,15
2.281,00;1.979,04
2.305,00;1.308,28
2.329,00;1.461,89
2.353,00;1.821,06
2.377,00;504,53
2.401,00;459,22
2.425,00;2.115,04
2.449,00;2.279,85
2.473,00;2.422,13
2.497,00;2.848,88
2.521,00;3.215,52
2.545,00;2.591,84
2.569,00;3.814,14
2.593,00;4.424,04
2.617,00;4.067,12
2.641,00;4.228,67
2.665,00;3.589,97
2.689,00;3.100,30
2.713,00;3.945,64
2.737,00;2.918,71
2.761,00;2.963,79
2.785,00;2.718,78
2.809,00;3.343,26
2.833,00;4.618,16
2.857,00;5.145,40
2.881,00;0,00
2.905,00;0,00
2.929,00;0,00
2.953,00;0,00
2.977,00;0,00
3.001,00;0,00
3.025,00;0,00
3.049,00;0,00
3.073,00;0,00
3.097,00;0,00
3.121,00;0,00
3.145,00;0,00
3.169,00;0,00
3.193,00;0,00
3.217,00;0,00
3.241,00;0,00
3.265,00;0,00
3.289,00;0,00
3.313,00;0,00
3.337,00;0,00
3.361,00;0,00
3.385,00;0,00
3.409,00;0,00
3.433,00;0,00
3.457,00;0,00
3.481,00;0,00
3.505,00;0,00
3.529,00;0,00
3.553,00;0,00
3.577,00;0,00
3.601,00;0,00
3.625,00;0,00
3.649,00;0,00
3.673,00;0,00
3.697,00;0,00
3.721,00;0,00
3.745,00;0,00
3.769,00;0,00
3.793,00;0,00
3.817,00;0,00
3.841,00;0,00
3.865,00;0,00
3.889,00;0,00
3.913,00;0,00
3.937,00;0,00
3.961,00;0,00
3.985,00;0,00
4.009,00;0,00
4.033,00;0,00
4.057,00;0,00
4.081,00;0,00
4.105,00;0,00
4.129,00;0,00
4.153,00;0,00
4.177,00;0,00
4.201,00;0,00
4.225,00;0,00
4.249,00;0,00
4.273,00;0,00
4.297,00;0,00
4.321,00;0,00
4.345,00;0,00
4.369,00;0,00
4.393,00;0,00
4.417,00;0,00
4.441,00;0,00
4.465,00;0,00
4.489,00;0,00
4.513,00;0,00
4.537,00;0,00
4.561,00;0,00
4.585,00;0,00
4.609,00;0,00
4.633,00;0,00
4.657,00;0,00
4.681,00;0,00
4.705,00;0,00
4.729,00;0,00
4.753,00;0,00
4.777,00;0,00
4.801,00;0,00
4.825,00;0,00
4.849,00;0,00
4.873,00;0,00
4.897,00;0,00
4.921,00;0,00
4.945,00;0,00
4.969,00;0,00
4.993,00;0,00
5.017,00;0,00
5.041,00;0,00
5.065,00;0,00
5.089,00;0,00
5.113,00;0,00
5.137,00;0,00
5.161,00;0,00
5.185,00;0,00
5.209,00;0,00
5.233,00;0,00
5.257,00;0,00
5.281,00;0,00
5.305,00;0,00
5.329,00;0,00
5.353,00;0,00
5.377,00;0,00
5.401,00;0,00
5.425,00;0,00
5.449,00;0,00
5.473,00;0,00
5.497,00;0,00
5.521,00;0,00
5.545,00;0,00
5.569,00;0,00
5.593,00;0,00
5.617,00;0,00
5.641,00;0,00
5.665,00;0,00
5.689,00;0,00
5.713,00;0,00
5.737,00;0,00
5.761,00;0,00
5.785,00;0,00
5.809,00;0,00
5.833,00;0,00
5.857,00;0,00
5.881,00;0,00
5.905,00;0,00
5.929,00;0,00
5.953,00;0,00
5.977,00;0,00
6.001,00;0,00
6.025,00;0,00
6.049,00;0,00
6.073,00;0,00
6.097,00;0,00
6.121,00;0,00
6.145,00;0,00
6.169,00;0,00
6.193,00;0,00
6.217,00;0,00
6.241,00;0,00
6.265,00;0,00
6.289,00;0,00
6.313,00;0,00
6.337,00;0,00
6.361,00;0,00
6.385,00;0,00
6.409,00;0,00
6.433,00;0,00
6.457,00;0,00
6.481,00;0,00
6.505,00;0,00
6.529,00;0,00
6.553,00;8.823,16
6.577,00;9.910,43
6.601,00;8.284,26
6.625,00;6.799,91
6.649,00;6.308,28
6.673,00;5.647,91
6.697,00;5.071,28
6.721,00;6.078,22
6.745,00;4.725,02
6.769,00;2.801,04
6.793,00;777,16
6.817,00;3.410,56
6.841,00;3.709,16
6.865,00;4.173,99
6.889,00;4.321,76
6.913,00;6.491,06
6.937,00;5.498,34
6.961,00;5.895,43
6.985,00;7.398,69
7.009,00;4.549,55
7.033,00;5.214,71
7.057,00;7.127,66
7.081,00;8.583,65
7.105,00;7.735,90
7.129,00;10.392,60
7.153,00;11.795,01
7.177,00;10.925,20
7.201,00;12.715,25
7.225,00;9.188,74
7.249,00;7.978,56
7.273,00;9.447,16
7.297,00;20.549,01
7.321,00;20.004,47
7.345,00;19.222,57
7.369,00;18.831,62
7.393,00;15.941,37
7.417,00;16.355,59
7.441,00;15.531,80
7.465,00;12.190,10
7.489,00;10.942,78
7.513,00;9.504,64
7.537,00;8.727,39
7.561,00;12.562,44
7.585,00;14.177,44
7.609,00;14.591,66
7.633,00;17.556,37
7.657,00;15.219,97
7.681,00;15.043,11
7.705,00;17.123,53
7.729,00;10.319,12
7.753,00;11.696,76
7.777,00;13.772,52
7.801,00;13.414,15
7.825,00;13.018,55
7.849,00;18.408,09
7.873,00;15.457,34
7.897,00;16.746,55
7.921,00;18.017,14
7.945,00;21.228,52
7.969,00;22.862,14
7.993,00;22.075,58
8.017,00;22.476,04
8.041,00;25.635,30
8.065,00;17.340,95
8.089,00;17.742,37
8.113,00;21.532,44
8.137,00;23.362,30
8.161,00;21.996,42
8.185,00;20.604,47
8.209,00;24.300,69
8.233,00;21.120,58
8.257,00;26.078,43
8.281,00;19.681,72
8.305,00;22.919,17
8.329,00;18.732,90
8.353,00;16.496,39
8.377,00;12.675,05
8.401,00;18.149,01
8.425,00;13.921,03
8.449,00;15.031,46
8.473,00;15.844,73
8.497,00;26.615,40
8.521,00;20.229,11
8.545,00;25.155,67
8.569,00;30.577,50
8.593,00;32.094,57
8.617,00;29.013,51
8.641,00;28.189,81
8.665,00;27.413,03
8.689,00;23.847,14
8.713,00;19.222,95
8.737,00;24.728,18
